category,datetime,headline,id,image,related,source,summary,url
company,1746493078,PRESS DIGEST- New York Times business news - May 6,134253094,,MSFT,Finnhub,May 6 - The following are the top stories onthe New York Times business pages. Reuters has not verifiedthese stories and does not vouch for their accuracy. - A Credit...,https://finnhub.io/api/news?id=d48ff98110fe137b87cf4e86ff72658efd044499b1909bb194d8d4cba3b0b258
company,1746482040,OpenAI Abandons Planned For-Profit Conversion,134253708,,MSFT,DowJones,OpenAI Abandons Planned For-Profit Conversion,https://finnhub.io/api/news?id=523dbcfe88f3dfd8879ddf21f1d7c71dd5bc0227a7ff73f6a60fc37bde6ff28d
company,1746479787,"Elon Musk to keep lawsuit against OpenAI despite nonprofit control statement, lawyer says",134252167,,MSFT,Finnhub,"Elon Musk plans to proceed with his highly-watched lawsuit against OpenAI, his lawyer Marc Toberoff said on Monday, hours after the AI startup dialed back its earlier plan to remove control by its...",https://finnhub.io/api/news?id=1c46c9ea61bceb2a1e76af2a6e674660ac0815c688c7179aabbc20a8a931dd4d
company,1746477683,"OpenAI agrees to buy Windsurf for about $3 billion, Bloomberg News reports",134252068,,MSFT,Finnhub,"OpenAI has agreed to buy artificial intelligence-assisted coding toolWindsurf for about $3 billion, Bloomberg News reported on Monday, citing people familiar withthe matter. The deal...",https://finnhub.io/api/news?id=bda771c62dd054a12ceb2fbaa173c6c6ee9cc66def48236845fbd758ce5a3b93
company,1746477515,OpenAI Reaches Agreement To Buy Startup Windsurf For $3 Billion- Bloomberg News,134252064,,MSFT,Finnhub,May 5 - * OPENAI REACHES AGREEMENT TO BUY STARTUP WINDSURF FOR $3BILLION-BLOOMBERG NEWSSource https://tinyurl.com/4exuhbj8 ...,https://finnhub.io/api/news?id=e2817e418834a564db03d4400f554bc052c5295e02811c8007839d575b6ed00e
company,1746467314,"OpenAI dials back conversion plan, nonprofit to retain control",134251489,,MSFT,Finnhub,"OpenAI has dialed back a significantrestructuring plan, with its nonprofit parent retaining controlin a move that is likely to limit CEO Sam Altman's power overthe pioneering maker of ChatGPT.The...",https://finnhub.io/api/news?id=c6c55f44b57e2fe340ef83865b6f9c7cf56d28e35afa92750c9eb080242994d3
company,1746462540,"These Stocks Moved the Most Today: Berkshire, Microsoft, Apple, Netflix, Palantir, On Semi, Tyson, Skechers, and More",134253728,,MSFT,MarketWatch,"These Stocks Moved the Most Today: Berkshire, Microsoft, Apple, Netflix, Palantir, On Semi, Tyson, Skechers, and More",https://finnhub.io/api/news?id=fdd7d0ad847c8a8e0fe291488f90691012f842dee8f2addeb66aed6e33d35b80
company,1746462309,From non-profit roots to for-profit ambitions: the OpenAI saga,134251041,,MSFT,Finnhub,"ChatGPT creator OpenAI said it would remain under the control of its nonprofit parent, following astorm of criticism and legal challenges, including ahigh-profile lawsuit filed by rival...",https://finnhub.io/api/news?id=33e86a19362917728a4afd4fc0a900806336a85c55d8018056617c25ddf1460b
company,1746462237,Meta's Growth Runway Extends As AI Frontier Unfolds,134251152,https://static.seekingalpha.com/cdn/s3/uploads/getty_images/1359528534/image_1359528534.jpg?io=getty-c-w1536,MSFT,SeekingAlpha,"Meta Platforms has shown resilience and growth, driven by AI-led expansion, strong advertising, and a robust balance sheet. Click to read why META is a Buy.",https://finnhub.io/api/news?id=f84658e6e08754639faaaf2540333f7ec0baac7fe441c40741bb4f5f4ed4754a
company,1746459840,Here’s why Microsoft is beating Amazon and Google in the cloud,134253729,,MSFT,MarketWatch,Here’s why Microsoft is beating Amazon and Google in the cloud,https://finnhub.io/api/news?id=43a1f1b2086bab0982485f306ff553dcbe9d4eb3c677f15e381f8aacb15cdb97
company,1746458880,Why Microsoft Azure Is Outpacing Amazon Web Services and Google Cloud,134253730,,MSFT,MarketWatch,Why Microsoft Azure Is Outpacing Amazon Web Services and Google Cloud,https://finnhub.io/api/news?id=de822c58d3c6c35431767bc4bae1fbed72141e76f0ad8c57950ed3a5be2d11bc
company,1746457516,"OpenAI will remain under nonprofit control, pushes ahead with for-profit conversion",134250504,,MSFT,Finnhub,"OpenAI said on Monday it would remainunder the control of its nonprofit parent, while pushing aheadwith plans to change the structure of its for-profit arm toallow more capital-raising to keep pace...",https://finnhub.io/api/news?id=aadfb10863e32501a996478034379c5da3384865f71cb8326063679173c866ce
company,1746455280,Putnam U.S. Large Cap Value Equity Concentrated SMA Q1 2025 Commentary,134250253,https://static.seekingalpha.com/cdn/s3/uploads/getty_images/2182047027/image_2182047027.jpg?io=getty-c-w1536,MSFT,SeekingAlpha,"For the quarter, the Putnam U.S. Large Cap Value Equity Concentrated SMA portfolio outperformed its benchmark, the Russell 1000 Value Index. Read more here.",https://finnhub.io/api/news?id=3fe970aad983327d8100010e6c9976a07941f4d4a26c01c3ec0300f32bbd7088
company,1746454317,OpenAI To Continue To Be Overseen & Controlled By Non-Profit,134250080,,MSFT,Finnhub,"OpenAI: * OPENAI BOARD HAS AN UPDATED PLAN FOR EVOLVING OPENAI’SSTRUCTURE. * OPENAI: OUR FOR-PROFIT LLC, WILL TRANSITION TO PUBLICBENEFITCORPORATION *...",https://finnhub.io/api/news?id=31a9c24a600191928dcc2c8eb41ece1ca08026dfd9574d4d10da89a6006bbeeb
company,1746454204,OpenAI to remain under non-profit control in change of restructuring plans,134250069,,MSFT,Finnhub,"OpenAI will remain under the control of a non-profit, the startup atthe heart of the generative artificial intelligence boom said on Monday, months after itoutlined plans to revamp its structure to...",https://finnhub.io/api/news?id=ee4ee6bc6ceb1c934fd192abc41b54ce7b468f48fe76de44315393681684607d
company,1746452760,"These Stocks Are Moving the Most Today: Berkshire Hathaway, Microsoft, Apple, Netflix, Palantir, Skechers, and More",134246644,https://s.yimg.com/rz/stage/p/yahoo_finance_en-US_h_p_finance_2.png,MSFT,Yahoo,"Berkshire Hathaway’s Class B shares fall after Warren Buffett says he’ll be stepping down as CEO at the end of the year, Microsoft kicks off Monday as the largest U.S. company by market cap, Netflix falls as President Donald Trump says he authorized a 100% tariff on films produced overseas. Palantir Technologies, meanwhile, is scheduled to report quarterly earnings later Monday.",https://finnhub.io/api/news?id=a36b20584528a5743058ef4a173bf002c823d1da142a5f37b4a86040b01cf6c8
company,1746452717,"Microsoft downgraded, Reddit upgraded: Wall Street's top analyst calls",134246645,https://s.yimg.com/rz/stage/p/yahoo_finance_en-US_h_p_finance_2.png,MSFT,Yahoo,"Microsoft downgraded, Reddit upgraded: Wall Street's top analyst calls",https://finnhub.io/api/news?id=6f66105a10adb19ba63acb7fc47720dad754ec23d25856a5d958cc739c10cfe6
company,1746451080,"The Zacks Analyst Blog Highlights NVIDIA, Meta Platforms and Microsoft",134246646,https://s.yimg.com/rz/stage/p/yahoo_finance_en-US_h_p_finance_2.png,MSFT,Yahoo,"NVIDIA, Meta Platforms and Microsoft are part of the Zacks top Analyst Blog.",https://finnhub.io/api/news?id=8cd6cdf7c31fc050a375af9a19ab2c5c597259ae5d577b1a5d66d68c702b177d
company,1746448417,Microsoft Tops Apple as World's Most Valuable Firm After Blowout Cloud Quarter,134246647,https://s.yimg.com/rz/stage/p/yahoo_finance_en-US_h_p_finance_2.png,MSFT,Yahoo,Microsoft Quietly Overtakes Apple After AI Surge and $80B Infrastructure Bet,https://finnhub.io/api/news?id=f9b2bc7c649537ea09d987acbeea505dc92714afa91dda49ea75dd818d3143b5
company,1746448205,Here's How Much a $1000 Investment in Microsoft Made 10 Years Ago Would Be Worth Today,134246648,https://s.yimg.com/rz/stage/p/yahoo_finance_en-US_h_p_finance_2.png,MSFT,Yahoo,"Investing in certain stocks can pay off in the long run, especially if you hold on for a decade or more.",https://finnhub.io/api/news?id=5fe98bebff7d7eb004396296eaa144e9678d7c44692b5423cc9a6652c0bc3cd3
company,1746448194,Microsoft's AI Monetization Story Is Just Getting Started,134249175,https://static.seekingalpha.com/cdn/s3/uploads/getty_images/1354846583/image_1354846583.jpg?io=getty-c-w1536,MSFT,SeekingAlpha,"Microsoftâs grip on enterprise software and early wins in monetizing AI tools give it a rare mix of scale, relevance and pricing power thatâs still not fully priced in.",https://finnhub.io/api/news?id=0a5614460abdd52b6dfb7ea84498c5902cbe28880bdb2198098c5c45ae75cc65
company,1746448183,"Microsoft shuts down Skype after 22 years, shifting users to Teams",134246649,https://s.yimg.com/rz/stage/p/yahoo_finance_en-US_h_p_finance_2.png,MSFT,Yahoo,"Microsoft is no longer offering Skype and is helping its users make the transition to Teams as the service officially retires on May 5, 2025.",https://finnhub.io/api/news?id=94aa3ed867cec25de95bd4deae8dfbacd33cefcd728bfb4c182201c7dae1e99d
company,1746447715,Why earnings estimates are a key market risk,134246650,https://s.yimg.com/rz/stage/p/yahoo_finance_en-US_h_p_finance_2.png,MSFT,Yahoo,"In all the market frenzy around earnings season, here's what to look out for, according to Ritholtz Wealth's Callie Cox.",https://finnhub.io/api/news?id=c21c9b5dd35eb1f76049b437b68597026005d8926e1c331aa9a69a590c046c57
company,1746447000,"Microsoft, Meta Platforms, Amazon and Apple are part of Zacks Earnings Preview",134246651,https://s.yimg.com/rz/stage/p/yahoo_finance_en-US_h_p_finance_2.png,MSFT,Yahoo,"Microsoft, Meta Platforms, Amazon and Apple are highlights of the Zacks Earnings Preview article.",https://finnhub.io/api/news?id=b202898352dd9531cc531f0335f76f2ecbd2a1bdb810c593e382de53e5f7b352
company,1746445193,Apple's Lost Its Way,134248322,https://static.seekingalpha.com/cdn/s3/uploads/getty_images/1705316992/image_1705316992.jpg?io=getty-c-w1536,MSFT,SeekingAlpha,"Appleâs valuation defies its trajectory as a mature, process-driven company with few disruptive moves ahead. Find out why AAPL stock is a strong sell.",https://finnhub.io/api/news?id=47ef314f7115499899e3874462a14e294e47f55c365d95d097367e7656e390f9
company,1746443969,EU's Ribera says Microsoft has committed to abide by European rules,134246652,https://s.yimg.com/rz/stage/p/yahoo_finance_en-US_h_p_finance_2.png,MSFT,Yahoo,"BARCELONA (Reuters) -Microsoft Chairman Brad Smith has told the European Commission his company will abide by European rules regardless of whether it agrees with them or not, the Commission's Vice President Teresa Ribera said on Monday.  In a chat with reporters in which she addressed issues from digital competition to trade and a massive electricity outage in Spain and Portugal last week, Ribera praised the approach.  Microsoft said last month it would sell its chat and video app Teams separately from its Office software globally, six months after it unbundled the two products in Europe in a bid to avert a possible EU antitrust fine.",https://finnhub.io/api/news?id=cf6d18ce0d7f3cebaf615173db7921e5fe22cdd320d3580197cf8c1e1346380e
company,1746439980,Nvidia Stock Falls. Here’s What’s Weighing on the Chip Maker.,134253731,,MSFT,MarketWatch,Nvidia Stock Falls. Here’s What’s Weighing on the Chip Maker.,https://finnhub.io/api/news?id=685c78dfbb3318b1552c48af60d6a37d546cfb1ad136d0b8512290bc5d8c766f
company,1746437400,Momentum a Powerful Ally for Stocks as Whiplash Rally Rolls On,134246653,https://s.yimg.com/rz/stage/p/yahoo_finance_en-US_h_p_finance_2.png,MSFT,Yahoo,"(Bloomberg) -- There are many reasons to doubt the rebound in US stocks, but it has at least one powerful factor on its side: momentum. Most Read from BloombergThe Battle Over the Fate of Detroit’s Renaissance CenterNYC Real Estate Industry Asks Judge to Block New Broker Fee LawNJ Transit Strike Would Be ‘Disaster’ for Region, Sherrill SaysIceland Plans for a More Volcanic FutureNJ Transit Urges Commuters to Work Remotely If Union StrikesHistory shows that the rally may extend further than inves",https://finnhub.io/api/news?id=64d16658faad8bdfe22a95b17d7e9bbbf2a94d335771bfc16e83302154ed9b54
company,1746437400,Fidelity Growth Company Fund Q1 2025 Commentary,134246264,https://static.seekingalpha.com/cdn/s3/uploads/getty_images/1367307631/image_1367307631.jpg?io=getty-c-w1536,MSFT,SeekingAlpha,"For Q1 2025, the Fidelity Growth Company Fund returned -12.59%, lagging the -10.00% result of the benchmark. Click here to read the full commentary. ",https://finnhub.io/api/news?id=f684ff1054f87e3deae52c2226857f089032cff769834e5285d7983063d27b2e
company,1746436200,My Top AI Growth Stock to Buy in May (and It's Not Even Close),134246654,https://s.yimg.com/rz/stage/p/yahoo_finance_en-US_h_p_finance_2.png,MSFT,Yahoo,Microsoft delivered impeccable quarterly results and reaffirmed its second-half fiscal 2025 capital expenditure guidance.  The company reiterated its long-term optimism in the growth of AI and cloud computing.  Microsoft has a highly reliable capital return program.,https://finnhub.io/api/news?id=2300884fc7b57e45bd99c241d7fd471ef59ab6a2eb2e31d10377972433974024
company,1746435600,Microsoft is stealing Amazon's thunder in the cloud — and AI,134246655,https://s.yimg.com/rz/stage/p/yahoo_finance_en-US_h_p_finance_2.png,MSFT,Yahoo,"With almost $10 trillion in combined market cap across Microsoft (MSFT), Amazon (AMZN), Apple (AAPL), and Meta (META), last week’s Big Tech earnings weren’t just dry corporate updates. They were market-moving events.",https://finnhub.io/api/news?id=e6e0dd1824d2a2d40fc066b83976f92427a7039c61e5602a691448851731cc67
company,1746432900,What Microsoft's Balance Sheet Says About The Company (And AI),134245606,https://static.seekingalpha.com/cdn/s3/uploads/getty_images/885383512/image_885383512.jpg?io=getty-c-w1536,MSFT,SeekingAlpha,"In this article, I analyze Microsoft's strengths, weaknesses & growth trends based on its balance sheet. See why I expect 50% upside in MSFT in next few years.",https://finnhub.io/api/news?id=3153e32ab953472780694d6e1818cc19b32922f0eb56b7fe062567ea9d1edd04
company,1746432777,Dow Jones Futures Fall On Trump's Latest Tariff Move; Palantir Leads Earnings,134253709,,MSFT,DowJones,Dow Jones Futures Fall On Trump's Latest Tariff Move; Palantir Leads Earnings,https://finnhub.io/api/news?id=0ebbc6b86b8ff6c0087e34a6eb7c4903777bda3ba0d94c1d6969a03217a5dfe5
company,1746432600,"2 Tech Stocks With 47% or More Upside, According to Wall Street Analysts",134246656,https://s.yimg.com/rz/stage/p/yahoo_finance_en-US_h_p_finance_2.png,MSFT,Yahoo,Wall Street analysts are still bullish on Nvidia and The Trade Desk.  Recent earnings reports from Microsoft and Alphabet suggest Nvidia is still on track for a strong year.  The Trade Desk's rare revenue miss last quarter is overshadowing its long-term opportunity in the growing connected TV advertising market.,https://finnhub.io/api/news?id=9300c2b3d318e2a68372cfeb78fec2eefa348cb959966f0e7cb48384294abd5a
company,1746430200,Fidelity Contrafund Q1 2025  Commentary,134245327,https://static.seekingalpha.com/cdn/s3/uploads/getty_images/1322205526/image_1322205526.jpg?io=getty-c-w1536,MSFT,SeekingAlpha,"For Q1 2025, Fidelity Contrafund's Retail Class shares returned -4.05%, versus -4.27% for the benchmark S&P 500Â® index. Click here to read the full commentary. ",https://finnhub.io/api/news?id=d68fa487ff1e10454dec687d7b406bc1c36350f31225badcd098b41a3b93d0d6
company,1746429569,EU's Ribera: Microsoft Chairman says his company will abide by EU rules,134245159,,MSFT,Finnhub,"BARCELONA -Microsoft Chairman Brad Smith has told the European Commission his company will abide by European rules whether it agrees or not with them, the Commission's Vice President Teresa Ribera...",https://finnhub.io/api/news?id=da64db7e4c33852e54eef77857ed222b838ccc54cfd7868eb623ad57ceb3426b
company,1746427695,"XSW ETF: Software Is The Place To Be, But Here's A Better Choice",134245048,https://static.seekingalpha.com/cdn/s3/uploads/getty_images/1047259374/image_1047259374.jpg?io=getty-c-w1536,MSFT,SeekingAlpha,XSW underperforms concentrated peers like IGV despite strong sector tailwinds and projected 11.3% CAGR. Read why XSW ETF is a sell.,https://finnhub.io/api/news?id=0465a0585fd6fcc2da14b15c0a632dcd730e4682913be7d2434398a3c84004d8
company,1746426467,"Amazon: The More It Drops, The Greedier I Get",134244906,,MSFT,SeekingAlpha,,https://finnhub.io/api/news?id=343f6616c9b02f924cfaaf40ac05cb948132630c6c4f2a46db2cf75d88e4ae0e
company,1746426300,Fidelity Blue Chip Growth Fund Q1 2025 Commentary,134244907,https://static.seekingalpha.com/cdn/s3/uploads/getty_images/1402430796/image_1402430796.jpg?io=getty-c-w1536,MSFT,SeekingAlpha,"For Q1 2025, the Fidelity Blue Chip Growth Fund's Retail Class shares returned -13.06%, lagging the benchmark. Click here to read the full commentary. ",https://finnhub.io/api/news?id=ff40409c11011d0c9ee599c7681c4ba708bdb58f848054aafb9aa95086e79cc4
company,1746419436,JCE: Difficult To Recommend This Fund At The Current Price,134244257,https://static.seekingalpha.com/cdn/s3/uploads/getty_images/93216033/image_93216033.jpg?io=getty-c-w1536,MSFT,SeekingAlpha,"Nuveen Core Equity Alpha Fund offers attractive 8.82% yield, appealing to income-seeking investors. Read what makes JCE CEF difficult to recommend today.",https://finnhub.io/api/news?id=3329cecd25d59d84398795b627af9f5805f0d1dff0f61f3e77528f2c8c14f6b6
company,1746410280,LMP Capital And Income Fund Inc. Q1 2025 Commentary,134243356,https://static.seekingalpha.com/cdn/s3/uploads/getty_images/2095584352/image_2095584352.jpg?io=getty-c-w1536,MSFT,SeekingAlpha,"For the quarter, the fund returned 1.96% at NAV, while the benchmark, the 65% S&P 500, 35% Bloomberg US Aggregate, returned 0.49%. Read more here.",https://finnhub.io/api/news?id=0a9fde93be659fddb028fe27ccad971bf764e503dfda99b0304006633e9d61de
company,1746409640,MICROSOFT CORP : Receives a Buy rating from UBS,134243199,,MSFT,Finnhub,UBS analyst Karl Keirstead maintains his Buy rating on the stock. The target price is unchanged and still at USD 500.,https://finnhub.io/api/news?id=6296c0123e7fb958583486a150db4176aab9387e6070033fa50b5dfd0e1c91ee
company,1746406800,What Big Tech Earnings Taught Us—and Didn’t—About Tariffs,134253732,,MSFT,MarketWatch,What Big Tech Earnings Taught Us—and Didn’t—About Tariffs,https://finnhub.io/api/news?id=de94f2a98b128013a7d668833a74c3e5329d0b25dca1267c8991a282cf6644e8
company,1746403260,Anduril Deal Pushes Its Technology to the ‘Tactical Edge’,134253733,,MSFT,MarketWatch,Anduril Deal Pushes Its Technology to the ‘Tactical Edge’,https://finnhub.io/api/news?id=06fa58823ccbeb9cf5757cadfa0c102b991b72d7526f4093f2c87d95ae82b327
company,1746397365,Was Jim Cramer Right About Microsoft (MSFT)?,134246657,https://s.yimg.com/rz/stage/p/yahoo_finance_en-US_h_p_finance_2.png,MSFT,Yahoo,"We recently published a list of Did Jim Cramer Hit or Miss On These 13 Stock Predictions? In this article, we are going to take a look at where Microsoft Corporation (NASDAQ:MSFT) stands against other stocks that Jim Cramer discussed during the episode of Mad Money on May 1st, 2024. During the Mad Money episode which […]",https://finnhub.io/api/news?id=d1c96fbbe5f03b23dc9b0dddc58799835b598d45ee2828d1dc582b9f0aa7b3f3
company,1746394809,"Don't Sell In May; Hold, And Hedge, Instead",134241989,https://static.seekingalpha.com/cdn/s3/uploads/getty_images/1389124950/image_1389124950.jpg?io=getty-c-w1536,MSFT,SeekingAlpha,Panic selling created buying opportunities in tech and communication big-caps. Read why investors should hedge instead of selling in May.,https://finnhub.io/api/news?id=fff53b871e3204ffde0d1a3778c31e1e2116973dd1ceae002ec5710ebd734c57
company,1746377400,Franklin U.S. Focused Growth SMA Q1 2025 Commentary,134240939,https://static.seekingalpha.com/cdn/s3/uploads/getty_images/2190217190/image_2190217190.jpg?io=getty-c-w1536,MSFT,SeekingAlpha,"Stock markets worldwide were turbulent over 1Q25, with major US equity indexes, the S&P 500 Index, Dow Jones Industrial Average and NASDAQ Composite Index, sustaining overall declines.",https://finnhub.io/api/news?id=1b03740efc1bd8ea4c599dcaefa2826f679de0406108b4c0d08c7cecf37985e5
company,1746373260,"Is ""Magnificent Seven"" Laggard Microsoft Ready to Rally?",134246658,https://s.yimg.com/rz/stage/p/yahoo_finance_en-US_h_p_finance_2.png,MSFT,Yahoo,Microsoft turned in a strong quarter and issued upbeat guidance.  Its Azure cloud computing unit once again led the way with revenue growth of 33%.  Azure and AI should continue to help drive growth for the company moving forward.,https://finnhub.io/api/news?id=55334b6efb916f311323d488c04043cb7c40b9333ac9ed04b91b4fda3cd3a529
company,1746367200,"Do Google's Antitrust Woes Make Alphabet Stock a Buy, Sell, or Hold?",134246659,https://s.yimg.com/rz/stage/p/yahoo_finance_en-US_h_p_finance_2.png,MSFT,Yahoo,"In the past year, Alphabet's Google lost two antitrust cases targeting its core businesses.  Alphabet is investing heavily in AI capabilities, such as in Google Cloud and its self-driving car company, Waymo.  Shareholders of Google's parent Alphabet (NASDAQ: GOOGL)(NASDAQ: GOOG) are going through a rough patch.",https://finnhub.io/api/news?id=a02f7d150c3d60c2b81c5641719f1c517454fdc419e6fce122981681389764e2
company,1746363600,Big Tech Earnings Defy Fears of ‘Worst-Case Scenario’ for Stocks,134246660,https://s.yimg.com/rz/stage/p/yahoo_finance_en-US_h_p_finance_2.png,MSFT,Yahoo,"(Bloomberg) -- Investors in the US technology behemoths that dominate the S&P 500 Index are breathing a sigh of relief as last week’s earnings reports from the group show their outlooks remain mostly strong in the face of President Donald Trump’s shifting trade policies.Most Read from BloombergThe Battle Over the Fate of Detroit’s Renaissance CenterNYC Real Estate Industry Asks Judge to Block New Broker Fee LawNJ Transit Strike Would Be ‘Disaster’ for Region, Sherrill SaysNJ Transit Urges Commut",https://finnhub.io/api/news?id=330a8ea35612c3d40e6ed50ecb536f54476f8f3c4635d7b54b244bcea2fcc356
company,1746356400,3 Top Technology Stocks to Buy in May,134246661,https://s.yimg.com/rz/stage/p/yahoo_finance_en-US_h_p_finance_2.png,MSFT,Yahoo,"After an April filled with down days, these top technology stocks could bring your portfolio some joy.",https://finnhub.io/api/news?id=22d592e45be79faf5557a0818cbf2b9a1566825c49441cb694ef2d0bc96582bf
company,1746352320,"Prediction: This ""Magnificent Seven"" Stock Will Be the Most Valuable Company in the World by the End of the Year",134246662,https://s.yimg.com/rz/stage/p/yahoo_finance_en-US_h_p_finance_2.png,MSFT,Yahoo,"Among the world's most valuable companies, seven of them are artificial intelligence stocks.",https://finnhub.io/api/news?id=954c6d7fe7f0fc8b258a6580ccd2b2a923c323644b08b16f90a1bd19206958e2
company,1746351000,Intimidated by AI? Here’s How to Get Started,134246663,https://s.yimg.com/rz/stage/p/yahoo_finance_en-US_h_p_finance_2.png,MSFT,Yahoo,"It’s 2025, and generative AI is only getting bigger. If you’ve been too intimidated to get into the chatbot game, now’s your chance.",https://finnhub.io/api/news?id=143b95f6e5e4444b76c16c8788d458f385be81797fe8d1b13e7649e8716e6566
company,1746346020,ClearBridge Appreciation ESG Portfolios Q1 2025 Commentary,134237727,https://static.seekingalpha.com/cdn/s3/uploads/getty_images/1567022490/image_1567022490.jpg?io=getty-c-w1536,MSFT,SeekingAlpha,"Despite a fast start to the year, a broad-based rally propelled the S&P 500 Index +2.8% in January, the market struggled for traction in the first quarter of 2025.",https://finnhub.io/api/news?id=83ad8224b093a6fa1908288392fed0b923e49e8a274e170a8812c96f600b51fe
company,1746334800,Microsoft And Meta Are Surging. Is It Time To Buy?,134236992,https://static.seekingalpha.com/cdn/s3/uploads/getty_images/1491458341/image_1491458341.jpg?io=getty-c-w1536,MSFT,SeekingAlpha,Microsoft and Meta are surging after a successful first quarter. But do the Quant Factor Grades measure up?,https://finnhub.io/api/news?id=28d4116fc582e7d22c67a3e926f74c796b9569fc7bd574297e68882f6ebb8ce6
company,1746311940,Top 50 High-Quality Dividend Stocks For May 2025,134235481,https://static.seekingalpha.com/cdn/s3/uploads/getty_images/2047165268/image_2047165268.jpg?io=getty-c-w1536,MSFT,SeekingAlpha,Discover top dividend growth stocks with strong returns and attractive valuations. See which 17 stocks had rating changes this month.,https://finnhub.io/api/news?id=1a762047670374f80ad46f6a15d2b0db249e8353790f3177242647b358bf9547
company,1746311040,"The 1-Minute Market Report May 4, 2025",134235451,,MSFT,SeekingAlpha,,https://finnhub.io/api/news?id=f6db4197d6d3453aea234f2e9251dd061ce8aef6b788d081b93228d15768f73c
company,1746266220,Big Tech showed it won’t back down on AI spending. Some on Wall Street are still wary.,134253734,,MSFT,MarketWatch,Big Tech showed it won’t back down on AI spending. Some on Wall Street are still wary.,https://finnhub.io/api/news?id=c9337a0fc8434043eb79c7bc1307163fe0d76534e678e0dd9fb49f706b7be46e
company,1746265597,Dogs Of The Dow Chase May's 'Safer' Buy,134226264,https://static.seekingalpha.com/cdn/s3/uploads/getty_images/1470996886/image_1470996886.jpg?io=getty-c-w1536,MSFT,SeekingAlpha,"Discover the top Dow Dogs for potential gains of 21%-45% by 2026, with Verizon leading in dividends. Read more on the price gainers for 2026 based on 1-year target prices.",https://finnhub.io/api/news?id=350e7769b702ab011e6e05a8a775d6afbeec758c10f0e5378d06981688951dc9
company,1746218940,Microsoft Beats Apple to Become Largest U.S. Company by Market Cap,134204205,https://s.yimg.com/rz/stage/p/yahoo_finance_en-US_h_p_finance_2.png,MSFT,Yahoo,"Microsoft stock’s jump following a strong earnings report for its third fiscal quarter helped push the company past Apple to become the largest in the U.S. by market capitalization on Friday.  Microsoft now has a market cap of $3.24 trillion, beating Apple’s $3.07 trillion.  The software company gained $322.8 billion in market cap this week, while Apple lost $58.7 billion.",https://finnhub.io/api/news?id=2d333149b7af0922f3aa47d30a7954ce58960c480bedfe73347a5504c160f66a
company,1746218580,The AI Trade Is Showing New Signs of Life. What We Learned From Big Tech Earnings.,134204206,https://s.yimg.com/rz/stage/p/yahoo_finance_en-US_h_p_finance_2.png,MSFT,Yahoo,"In the biggest surprise of tech earnings, Meta Platforms boosted its already hefty 2025 capex forecast to a range of $64 billion to $72 billion.",https://finnhub.io/api/news?id=f6fc3abc5fa7809acf280a8065cd7b931c51d6e0d366fc9a0ca5bdfaef3a386c
company,1746217260,Coca-Cola and PepsiCo May Look Alike. Why They Don’t Trade Alike.,134253735,,MSFT,MarketWatch,Coca-Cola and PepsiCo May Look Alike. Why They Don’t Trade Alike.,https://finnhub.io/api/news?id=2b769d20b76d0000ef1a1b422c2a860fcc9896edee0ab000129ce9a2342c267a
company,1746215451,Apple has tariff problems its Big Tech peers do not,134204218,https://s.yimg.com/rz/stage/p/yahoo_finance_en-US_h_p_finance_2.png,MSFT,Yahoo,Apple's hardware business leaves it uniquely vulnerable to tariff uncertainty.,https://finnhub.io/api/news?id=d64f7e9a74b080f0360a46c3ade15796fc99a60defbf7cf1e81e647576ab5ba0
company,1746214789,Nvidia CEO Jensen Huang gets first salary boost in 10 years,134204221,https://s.yimg.com/rz/stage/p/yahoo_finance_en-US_h_p_finance_2.png,MSFT,Yahoo,Nvidia CEO Jensen Huang got his first major salary bump since 2015 — but it’s still less than half of the salaries of executives at Microsoft and Apple.,https://finnhub.io/api/news?id=f9af177220c360406e649e1672fa69c3b3e89b13389722261a3450dba01a45bd
company,1746213101,Is Microsoft (MSFT) the Best NASDAQ Stock to Buy According to Billionaires?,134204235,https://s.yimg.com/rz/stage/p/yahoo_finance_en-US_h_p_finance_2.png,MSFT,Yahoo,"We recently published a list of 10 Best NASDAQ Stocks to Buy According to Billionaires. In this article, we are going to take a look at where Microsoft Corporation (NASDAQ:MSFT) stands against other best NASDAQ stocks to buy according to billionaires. The latest market data shows that the US economy contracted at an annualized rate […]",https://finnhub.io/api/news?id=e217382cd0aa615a2f42b1b8091cd267d2d415cf3eb4cd21358e8f0aa03f624c
company,1746212412,TSMC Stock Rallies After Morgan Stanley Names It Top Pick on AI Demand,134204236,https://s.yimg.com/rz/stage/p/yahoo_finance_en-US_h_p_finance_2.png,MSFT,Yahoo,Taiwan Semi Upgraded by Morgan Stanley Amid AI Spending Surge,https://finnhub.io/api/news?id=a430704b8e55c093c27d6ddd42bc55d33152b068c28c4f2824169af7af053a2f
company,1746212400,Should You Hold NVIDIA Stock as Meta & Microsoft Double Down on AI?,134204237,https://s.yimg.com/rz/stage/p/yahoo_finance_en-US_h_p_finance_2.png,MSFT,Yahoo,Fresh AI investment commitments from Meta Platforms and Microsoft signal that NVIDIA's chips will remain in high demand as hyperscalers scale their AI platforms.,https://finnhub.io/api/news?id=8446e5ec30828ea99ec044b790c1effbc95527724220a0964e812c049b6b39cf
company,1746208889,Tarrifs in focus as Apple follows up ‘best quarter ever’,134204238,https://s.yimg.com/rz/stage/p/yahoo_finance_en-US_h_p_finance_2.png,MSFT,Yahoo,"Apple (AAPL) is scheduled to report results of the second fiscal quarter of FY25 after the market close on Thursday, May 1, with a conference call scheduled for 5:00 pm ET. What to watch for: EXPECTATIONS: Last quarter, Apple beat consensus sales and earnings expectations, reporting EPS of $2.40 on Q1 revenue of $124.30B in what Apple CEO Tim Cook called the company’s “best quarter ever.” Cook added: “We were thrilled to bring customers our best-ever lineup of products and services during the ho",https://finnhub.io/api/news?id=5d4688a4377a2fa4c95c1fa5a2078fae73bdef520a619a5f87941cc8d8d96323
company,1746208800,US exceptionalism trade is 'still in play': May investing tips,134202596,https://s.yimg.com/rz/stage/p/yahoo_finance_en-US_h_p_finance_2.png,MSFT,Yahoo,"Markets (^GSPC, ^IXIC, ^DJI) are shifting as investors weigh hot labor data and lingering inflation against long-term growth strategies. Andrew Briggs, CFP and Wealth Advisor at Steward Partners, shares why staying invested and reassessing exposure to the Magnificent Seven — the group of tech stocks comprised of Alphabet (GOOG, GOOGL), Apple (AAPL), Nvidia (NVDA), Tesla (TSLA), Amazon (AMZN), Meta Platforms (META), and Microsoft (MSFT) — may be key in navigating today’s uncertainty. To watch more expert insights and analysis on the latest market action, check out more Wealth here.",https://finnhub.io/api/news?id=1eee355e23cf0c466a9648cb886c550b7bbe75d9ed050f521f8a11a87bb6b07d
company,1746206749,Microsoft (NasdaqGS:MSFT) Enhances Secure Authentication With Entra ID And YubiKeys,134204240,https://s.yimg.com/rz/stage/p/yahoo_finance_en-US_h_p_finance_2.png,MSFT,Yahoo,"Microsoft (NasdaqGS:MSFT) experienced an 11% rise over the last month, aligning closely with broader market trends driven by strong economic signals such as robust U.S. employment data and optimistic trade discussions between the U.S. and China. Concurrently, Microsoft's recent developments, including solid Q3 earnings and ongoing share buybacks, likely reinforced investor confidence. Additionally, the company's collaboration with partners like Health Catalyst, and the launch of new products,...",https://finnhub.io/api/news?id=652e3ca9863a0d96f85ac541e5aa1b6889587d44eb65d81afd25bcb2e2e15b52
company,1746206160,What Apple Earnings Reveal About Trump’s Trade War,134204241,https://s.yimg.com/rz/stage/p/yahoo_finance_en-US_h_p_finance_2.png,MSFT,Yahoo,WSJ's Dan Gallagher breaks down why Apple shares are down as the tech giant tries to allay investor concerns about the impact of Trump's tariffs.,https://finnhub.io/api/news?id=84742a8c422d1bf08a2c7e05d94dcbf227e422171383648a665a4d713fcc1424
company,1746204137,Amazon Confirmed Cloud Computing Growth Is Here To Stay,134198333,https://static.seekingalpha.com/cdn/s3/uploads/getty_images/1449457045/image_1449457045.jpg?io=getty-c-w1536,MSFT,SeekingAlpha,"Amazon.com, Inc.'s Q1 '25 earnings shine with AWS and ads growth, yet tariff challenges loom. Click for how AI investments & spending trends shape AMZN's outlook.",https://finnhub.io/api/news?id=49cbe425c5a8df3c0df16cf0787be1a3e7805c6d33018def9a329b68b485fe3d
company,1746202290,Why CoreWeave Stock Rose 11% in April,134204242,https://s.yimg.com/rz/stage/p/yahoo_finance_en-US_h_p_finance_2.png,MSFT,Yahoo,"Shares could swing wildly following its debut earnings report on May 14.  Shares of CoreWeave (NASDAQ: CRWV) had a volatile April along with much of the stock market, but the recent IPO ended up with positive gains after a lackluster debut at the end of March.  There wasn't much news out on CoreWeave in April, as investors await its first earnings report as a public company on May 14, but the stock proved to be highly sensitive to news from the artificial intelligence (AI) sector, swinging multiple times on news from peer stocks, and due to macro news.",https://finnhub.io/api/news?id=31d122a708405c534ce045461a53f81ca5f7d874429684a43604146246c796f4
company,1746200960,"Stock Market Powers Higher On Microsoft, Meta, Trump Tariff Hopes: Weekly Review",134204243,https://s.yimg.com/rz/stage/p/yahoo_finance_en-US_h_p_finance_2.png,MSFT,Yahoo,"The stock market rallied for the week, with the S&P 500 and Nasdaq clearing key levels, led by Microsoft and Meta as well as Trump tariff hopes.",https://finnhub.io/api/news?id=bca5a909e9019f7e7ab007c40a048de115c4a5a0715a0d849334eb26b107c59f
company,1746200728,"Microsoft raises prices of Xbox consoles, accessories, games worldwide",134204244,https://s.yimg.com/rz/stage/p/yahoo_finance_en-US_h_p_finance_2.png,MSFT,Yahoo,"Microsoft (MSFT) said that, as of May 1, it has adjusted recommended retailer pricing for its Xbox consoles and controllers worldwide. “We also expect to adjust the pricing of some of our new, first-party games starting this holiday season to $79.99,” the company said. “Those titles purchased on the Xbox Store have the benefit of Xbox Play Anywhere, allowing players to buy once and play on console and PC at no additional cost. We understand that these changes are challenging, and they were made",https://finnhub.io/api/news?id=11a06f658aebd2d7cdd204aded763206f92fbc41d36d3456fddb9507e89228d6
company,1746200363,Amazon: Trainium 2 GPU Is Gaining Adoption,134198056,https://static.seekingalpha.com/cdn/s3/uploads/getty_images/1317474419/image_1317474419.jpg?io=getty-c-w1536,MSFT,SeekingAlpha,"Amazon reported 10% constant revenue growth and 20% operating profit growth, with subscription services, ads, and AWS sustaining double-digit revenue growth. Learn more on AMZN stock here.",https://finnhub.io/api/news?id=9d8231e1a3a3139939addb49950846b038a96b88e6c8694c77b418a56f63d446
company,1746200220,"4 Stocks That Turned $1,000 Into $1 Million",134204245,https://s.yimg.com/rz/stage/p/yahoo_finance_en-US_h_p_finance_2.png,MSFT,Yahoo,Can small investments really make you a millionaire? Anything is possible if the holding period is long enough. These four household names pulled it off in distinctly different ways.,https://finnhub.io/api/news?id=9f1efb9e80638fc530a3852f0def110f22cdc8d755207ef62427338b4beb6462
company,1746199530,Microsoft price target raised to $520 from $511 at Bernstein,134204246,https://s.yimg.com/rz/stage/p/yahoo_finance_en-US_h_p_finance_2.png,MSFT,Yahoo,"Bernstein raised the firm’s price target on Microsoft (MSFT) to $520 from $511 and keeps an Outperform rating on the shares. The firm notes Microsoft delivered a solid quarter, beating on virtually every metric and delivering Azure growth and guide meaningfully above consensus of around 31%, while barely increasing capital expenses. Published first on TheFly – the ultimate source for real-time, market-moving breaking financial news. Try Now>> See Insiders’ Hot Stocks on TipRanks >> Read More on",https://finnhub.io/api/news?id=78add660acd5ca96ec90c09c74973379614b7b8628dbd7701493b8a517149eea
company,1746197446,Taiwan Semiconductor Gains On Strong Earnings From Meta And Microsoft Boosting AI Demand,134204247,https://s.yimg.com/rz/stage/p/yahoo_finance_en-US_h_p_finance_2.png,MSFT,Yahoo,"Taiwan Semiconductor Manufacturing Co (NYSE:TSM) stock is trading higher Friday in sympathy with customers Meta Platforms, Inc (NASDAQ:META) and Microsoft Corp (NASDAQ:MSFT) this week’s quarterly financial results. Meta reported its first-quarter financial results after the market closed on Wednesday. Its revenue was $42.31 billion, up 16%, beating analyst estimates of $41.39 billion. Also Read: Taiwan Semiconductor Breaks Ground On Third Arizona Plant Without US Subsidies Amid Trump Tariff Thre",https://finnhub.io/api/news?id=d86e6c5fdcfce2f45fc9f5ae30f80c5ff563877e6c33531cbeb0ddb34bae08ab
company,1746197220,Analysts reset Microsoft stock target amid post-earnings rally,134204248,https://s.yimg.com/rz/stage/p/yahoo_finance_en-US_h_p_finance_2.png,MSFT,Yahoo,Microsoft’s earnings reassure investors.,https://finnhub.io/api/news?id=74d61ee0a7f5a471d6a7aa1b4f57ecab5478c5a3a8b6e90bcf3da30c9f76d8a5
company,1746195790,Microsoft hikes Xbox prices worldwide as gaming industry faces tariff uncertainty,134184542,https://s.yimg.com/rz/stage/p/yahoo_finance_en-US_h_p_finance_2.png,MSFT,Yahoo,"As new tariffs continue to strain global supply chains, some gamers are already feeling price hikes.  Microsoft raised recommended retailer pricing for its Xbox consoles and controllers around the world this week.  Its Xbox Series S, for example, now starts at $379.99 in the U.S. — up $80 from the $299.99 price tag that debuted in 2020.",https://finnhub.io/api/news?id=e1e6bc9ab75002c75644c8710679aa48875bef185a88406c503d56459e40bf69
company,1746193242,"Apple Hit With Downgrades as Tariff, Growth Worries Increase",134184526,https://s.yimg.com/rz/stage/p/yahoo_finance_en-US_h_p_finance_2.png,MSFT,Yahoo,"(Bloomberg) -- Apple Inc. received at least two downgrades on Friday, following quarterly results that reinforced concerns over tariffs and its growth potential.Most Read from BloombergNJ Transit Urges Commuters to Work Remotely If Union StrikesNYC Lost $9 Billion of Income to Miami, Palm Beach in Five YearsNew York City Transit System Chips Away at Subway Fare EvasionNYC’s MTA to Cut Costs Instead of Borrowing More to Fund UpgradesNYC’s Congestion Toll Raised $159 Million in the First QuarterJe",https://finnhub.io/api/news?id=db7314d4e6c3bb7a25645a8131091722b771718af4754e0e6266911ce1265d96
company,1746192803,Amazon Braces for Tougher Business Climate as US Tariffs Hit,134184544,https://s.yimg.com/rz/stage/p/yahoo_finance_en-US_h_p_finance_2.png,MSFT,Yahoo,"(Bloomberg) -- Amazon.com Inc. said it’s bracing for a tougher business climate in the coming months, echoing concerns from a range of companies that tariffs and related economic turmoil could crimp consumer spending.Most Read from BloombergNJ Transit Urges Commuters to Work Remotely If Union StrikesNYC Lost $9 Billion of Income to Miami, Palm Beach in Five YearsNew York City Transit System Chips Away at Subway Fare EvasionNYC’s MTA to Cut Costs Instead of Borrowing More to Fund UpgradesNYC’s Co",https://finnhub.io/api/news?id=a3012583071b729693d3507ea3f27d3fa69339eb5673471fa4c7d381cde3c4ac
company,1746192000,Earnings Dilute Tariff Concerns,134194132,https://static.seekingalpha.com/cdn/s3/uploads/getty_images/2209727980/image_2209727980.jpg?io=getty-c-w1536,MSFT,SeekingAlpha,Most important earnings reports this week dilute tariff concerns.,https://finnhub.io/api/news?id=7a6ae604f33a1b09a0e02790c9e37889cb568fa2d8b7c9d2623900cd74d0099f
company,1746189420,"Zacks Investment Ideas feature highlights: Boston Scientific, Meta Platforms and Microsoft",134184545,https://s.yimg.com/rz/stage/p/yahoo_finance_en-US_h_p_finance_2.png,MSFT,Yahoo,"Boston Scientific, Meta Platforms and Microsoft have been highlighted in this Investment Ideas article.",https://finnhub.io/api/news?id=37ef89470d5df8799463936d1cb5923f81693bd25a0de64ad98401737966f217
company,1746188912,Microsoft (MSFT) Skyrockets $200 Billion on Blowout Azure and AI Growth,134184546,https://s.yimg.com/rz/stage/p/yahoo_finance_en-US_h_p_finance_2.png,MSFT,Yahoo,"AI drives growth, capex shifts to chips as Microsoft outpaces expectations",https://finnhub.io/api/news?id=020064dc00cd02bf0563499d52ef9701f7f447b5285b666478c01819a5fc0302
company,1746188820,"Dow rallies 613 points on gains for American Express, 3M stocks",134190387,,MSFT,MarketWatch,"Dow rallies 613 points on gains for American Express, 3M stocks",https://finnhub.io/api/news?id=203e447af83a77540acff8ec703a2675767ddb2e7935b2f7ef86ca4240a06663
company,1746188479,Dow Jones Rises As China Says It's 'Evaluating' U.S. Trade Talks. Apple Falls On Earnings.,134184533,https://s.yimg.com/rz/stage/p/yahoo_finance_en-US_h_p_finance_2.png,MSFT,Yahoo,"Dow futures rose as China said it's ""evaluating"" U.S. trade talks. Apple fell on earnings. Microsoft, Meta led Thursday's rally.",https://finnhub.io/api/news?id=a985cd57b070e3c5d6eccc55d428901de8e39192a52b7b04a8fb5ff04c5f9308
company,1746187836,"Report: Microsoft Weighs Hosting Elon Musk's Grok, Risking Fallout With OpenAI",134184548,https://s.yimg.com/rz/stage/p/yahoo_finance_en-US_h_p_finance_2.png,MSFT,Yahoo,Decision could complicate its already fragile ties with OpenAI,https://finnhub.io/api/news?id=92bc157401ec7f3f7aa8098476227c6c8c8a766683f931441cd5774eb103c80b
company,1746186977,Microsoft Q3 Earnings: AI Growth Rebound Continues,134189329,https://static.seekingalpha.com/cdn/s3/uploads/getty_images/1408775753/image_1408775753.jpg?io=getty-c-w1536,MSFT,SeekingAlpha,"Microsoftâs Q3 FY2025 results showed strong cloud and AI growth, with Azure leading gains and limited tariff exposure. Learn why MSFT stock is a buy.",https://finnhub.io/api/news?id=cf93f6dd9388b1975abfac6fedd5940962a26d441c99c8091561f92d0ec7a5f3
company,1746185930,"Microsoft swaps law firms in shareholder case, hiring Trump target",134187282,,MSFT,Finnhub,"* Jenner & Block replacing Simpson Thacher in Activisioncase * Simpson Thacher represents Microsoft on other matters * Jenner, other firms...",https://finnhub.io/api/news?id=53fe2633b208caf5f7a0085619afe036f2edb6b3bb4f1f685f362d7ef8585794
company,1746185580,Alphabet Slashes Stake in CrowdStrike Stock,134187852,,MSFT,MarketWatch,Alphabet Slashes Stake in CrowdStrike Stock,https://finnhub.io/api/news?id=deece60f37381de5e8f04efaa60d0b2ca2ce9873b8c36d4d51b385db13844a63
company,1746185160,"NVIDIA Corp., Microsoft share gains lead Dow's nearly 350-point climb",134187853,,MSFT,MarketWatch,"NVIDIA Corp., Microsoft share gains lead Dow's nearly 350-point climb",https://finnhub.io/api/news?id=c433236e3b143496dc78d886d9d508b736a52fb271f1950f6d850e160697140a
company,1746184886,Top 15 High-Growth Dividend Stocks To Consider For May 2025,134187548,https://static.seekingalpha.com/cdn/s3/uploads/getty_images/2047165268/image_2047165268.jpg?io=getty-c-w1536,MSFT,SeekingAlpha,"Discover May 2025's Top 15 High-Growth Dividend Stocks with a 1.33% yield, 21.25% growth rate, and 29% undervaluation.",https://finnhub.io/api/news?id=99b43e97d2aca31c5f362289baeb1309675453d288ea573f57d4bac9b5f0d604
company,1746120600,Amazon Reports Strong Earnings. Stock Falls on Slight AWS Cloud Miss.,134179171,,MSFT,MarketWatch,Amazon Reports Strong Earnings. Stock Falls on Slight AWS Cloud Miss.,https://finnhub.io/api/news?id=f12eedc6ddea0fc623cc6e7a5b55c78e5592f60b9488dd3abd254db283895e6b
company,1746180006,Tech investing playbook: Evolution of Big Tech dominance,134184549,https://s.yimg.com/rz/stage/p/yahoo_finance_en-US_h_p_finance_2.png,MSFT,Yahoo,"Ahmed Banafa, faculty professor at San Jose State University College of Engineering, breaks down how today's ""Magnificent Seven"" — the group of tech stocks comprising Alphabet (GOOG, GOOGL), Apple (AAPL), (NVDA), Tesla (TSLA), Amazon (AMZN), Meta Platforms (META), and Microsoft (MSFT) — compares to past tech cycles. To watch more expert insights and analysis on the latest market action, check out more Wealth here.",https://finnhub.io/api/news?id=6384f2f2445bfac33f20c2348d4ada8073c52996f22ac834c03b1a3a2992cde8
company,1746179700,Nvidia Stock Rises. It Just Got This Amazon AI Boost.,134187855,,MSFT,MarketWatch,Nvidia Stock Rises. It Just Got This Amazon AI Boost.,https://finnhub.io/api/news?id=caa84f686fa7874cd3ced21a43dfc2a5dbc0f2012995c7617b31a8b5f5dbff6a
company,1746178285,Microsoft Q3: Corporate Client Dominance Likely To Propel Steady Earnings Growth,134184138,,MSFT,SeekingAlpha,,https://finnhub.io/api/news?id=6d61bf68aca8a6ef61a6c42f0360926563f6e46bfe5e9da1c9f12534d653193b
company,1746178200,What Big Tech Has Going for It in the Trade War,134184550,https://s.yimg.com/rz/stage/p/yahoo_finance_en-US_h_p_finance_2.png,MSFT,Yahoo,"Apple and Amazon’s exposure remains a worry, but tariffs haven’t yet hobbled the trillion-dollar tech giants.",https://finnhub.io/api/news?id=1f17577fa93253bfafa914bee090d8f8ed9524e31994927bb63f27c9fc7c55c1
company,1746175500,JEPQ: A Big Income Opportunity For 2025,134183855,https://static.seekingalpha.com/cdn/s3/uploads/getty_images/1445810162/image_1445810162.jpg?io=getty-c-w1536,MSFT,SeekingAlpha,"JPMorgan Nasdaq Equity Premium Income ETF combines double-digit yields with growth potential, focusing on undervalued tech stocks. See more on JEPQ ETF here.",https://finnhub.io/api/news?id=3c10ebb133b26d35d1d39689c576e299891ceb046f1c2b0da558b6e37f5dd247
company,1746171769,monday.com: Don't Ignore The AI Agent Catalyst,134183397,https://static.seekingalpha.com/cdn/s3/uploads/getty_images/1140234106/image_1140234106.jpg?io=getty-c-w1536,MSFT,SeekingAlpha,monday.com is scaling fast with usage-based AI pricing and strong enterprise NRR recovery amid macro concerns. Read why MNDY stock is a buy.,https://finnhub.io/api/news?id=7568728c56a811ae9a881212470fb2ca87793cc905969b28f38e4c67fccb6c8a
company,1746169320,"Tech, Media & Telecom Roundup: Market Talk",134187833,,MSFT,DowJones,"Tech, Media & Telecom Roundup: Market Talk",https://finnhub.io/api/news?id=6f4e5e2e20ffdaa9501e05b4d4e56fe054ecaeb82fc1f012f151da0979a78772
company,1746165600,TikTok fined 530 million euros by EU regulator over data protection,134182584,,MSFT,Finnhub,TikTok was fined 530 millioneuros by its lead EU privacy regulator on Fridayover concerns on how it protects user information and wasordered to suspend data transfers to China if its processing...,https://finnhub.io/api/news?id=a787fcc49f7df76177a68457301ee0afa62e6e17b17cc786c68bf6abecf03c82
company,1746159663,"Taiwan shares jump, currency hits 15-month high on easing trade worries",134181848,,MSFT,Finnhub,"The Taiwan dollar and stocks in Taipeisoared on Friday, leading a rally across Asian markets as signsof easing U.S.-China trade tensions sparked a wave of risk-onoptimism after weeks of market...",https://finnhub.io/api/news?id=6558c0f6c1eaaa4bff637bcf41d2d4c5ef96d59471782cc83ee3f1c94324bc9f
company,1746156389,Goldman Sachs Raises Price Target on MSFT,134184551,https://s.yimg.com/rz/stage/p/yahoo_finance_en-US_h_p_finance_2.png,MSFT,Yahoo,"After Microsoft (MSFT) reported better-than-expected fiscal third-quarter results, Goldman Sachs increased its price target on the shares to $480 from $450 while keeping a Buy rating on the name. The investment bank is bullish on MSFT’s AI business. MSFT’s Azure Is Getting a Lift From AI As AI expands, more data is being moved to […]",https://finnhub.io/api/news?id=c49296a1a564a200415a5b4df435f8f6b9b515738ef272bd5770600311c48167
company,1746144726,"Why CoreWeave, Inc. (CRWV) Soared On Thursday",134184552,https://s.yimg.com/rz/stage/p/yahoo_finance_en-US_h_p_finance_2.png,MSFT,Yahoo,"We recently published a list of 10 Firms Lead Rally on Impressive Q1 Earnings, Optimistic Outlooks. In this article, we are going to take a look at where CoreWeave, Inc. (NASDAQ:CRWV) stands against other top performers on Thursday. The stock market ended strong anew on Thursday, with all major indices finishing in the green territory, […]",https://finnhub.io/api/news?id=b0aa63783c5c57fd6c791754725429cc50bbcbb3fedc9360cd03b76e717977e5
company,1746144661,Why Microsoft Corporation (MSFT) Soared On Thursday,134184553,https://s.yimg.com/rz/stage/p/yahoo_finance_en-US_h_p_finance_2.png,MSFT,Yahoo,"We recently published a list of 10 Firms Lead Rally on Impressive Q1 Earnings, Optimistic Outlooks. In this article, we are going to take a look at where Microsoft Corporation (NASDAQ:MSFT) stands against other top performers on Thursday. The stock market ended strong anew on Thursday, with all major indices finishing in the green territory, as […]",https://finnhub.io/api/news?id=d9fbdb512b9ce3a1b4cd9d51568ffe3958642b9351fb5d077eb87f11d854d298
company,1746140419,"Dow Jones Futures Rise As China Says It's 'Evaluating' U.S. Trade Talks. Amazon, Apple Fall On Earnings.",134179023,,MSFT,DowJones,"Dow Jones Futures Rise As China Says It's 'Evaluating' U.S. Trade Talks. Amazon, Apple Fall On Earnings.",https://finnhub.io/api/news?id=c3b43a7723008c049faba309d3c63bdcc69667750c0d03f985189157049417f5
company,1746136260,Why the AI Trade May Not Save the Market From Trump’s Tariffs for Long,134184554,https://s.yimg.com/rz/stage/p/yahoo_finance_en-US_h_p_finance_2.png,MSFT,Yahoo,"Big Tech is coming to Wall Street’s rescue, for now. But the Magnificent Seven aren’t cheap. Look for better bargains elsewhere.",https://finnhub.io/api/news?id=3a86a5373b09a0de84cf88465f8318d9365aaca846d1a28424eb707ddf73ccac
company,1746134760,Buy Meta Platforms or Microsoft Stock After Beating Earnings Expectations?,134184555,https://s.yimg.com/rz/stage/p/yahoo_finance_en-US_h_p_finance_2.png,MSFT,Yahoo,The Nasdaq has continued to rebound and drift higher after the market received favorable quarterly results and guidance from Meta Platforms (META) and Microsoft (MSFT).,https://finnhub.io/api/news?id=115e4676451d85b137df268bd83bafd378cfed8756098b3ce03e0d44c4fd60fc
company,1746133665,"Microsoft swaps law firms in shareholder case, hiring Trump adversary",134184556,https://s.yimg.com/rz/stage/p/yahoo_finance_en-US_h_p_finance_2.png,MSFT,Yahoo,"(Reuters) -Microsoft is switching the law firm representing it in a shareholder case, replacing one that settled with the Trump administration to avoid a punishing executive order with one that is fighting the White House.  Court documents showed Microsoft has hired Jenner & Block to replace Simpson Thacher in a Delaware Chancery Court lawsuit over its $69 billion purchase of Activision Blizzard.  Microsoft, without elaborating, said in a statement to Reuters that Simpson Thacher continues to represent it on other matters.",https://finnhub.io/api/news?id=381fd5f7f4cf1a63f295b3af5d67d167e523e64bb9b23a017d2d4fcbb0dd51d2
company,1746133087,"Equities Advance as Microsoft, Meta Results Help Ease Economic Worries",134184557,https://s.yimg.com/rz/stage/p/yahoo_finance_en-US_h_p_finance_2.png,MSFT,Yahoo,US benchmark equity indexes advanced Thursday as a post-earnings rally in Microsoft (MSFT) and Meta,https://finnhub.io/api/news?id=598df905835abc045f3b27fa8731c5266427fcae0543194c261769496c1ba369
company,1746132597,Why Microsoft Stock Had One of Its Best Post-Earnings Days in a Decade,134184558,https://s.yimg.com/rz/stage/p/yahoo_finance_en-US_h_p_finance_2.png,MSFT,Yahoo,Microsoft stock soared on Thursday after the tech giant’s quarterly results handily beat Wall Street estimates.,https://finnhub.io/api/news?id=f46c474f18b1c66cdd4005f21245abfb2b7d7cc62040e5b06b0daa6e01f0afd4
company,1746132540,These 3 Stocks Soared Following Strong Quarterly Results,134184559,https://s.yimg.com/rz/stage/p/yahoo_finance_en-US_h_p_finance_2.png,MSFT,Yahoo,The 2025 Q1 earnings cycle is in full swing. And these three companies posted results that had investors pleased.,https://finnhub.io/api/news?id=539b63f29600610078bd4d097cf68c26c381ca990d6112e9abccdad0499d87d3
company,1746132221,Microsoft Hikes Xbox And Game Prices Globally,134184560,https://s.yimg.com/rz/stage/p/yahoo_finance_en-US_h_p_finance_2.png,MSFT,Yahoo,"Console, headset and game tags rise as development costs surge this holiday season",https://finnhub.io/api/news?id=5dd31e3ef86e057ec0b66829ecfdc5ccf234d205038d08ea8f4bae8e12d45c94
company,1746132046,"Stock Market Today: Nasdaq Surges As Meta, Microsoft Recover Lost Ground; These Two Leading Growth Stocks Jam (Live Coverage)",134184561,https://s.yimg.com/rz/stage/p/yahoo_finance_en-US_h_p_finance_2.png,MSFT,Yahoo,The stock market today ignored signs of a weaker U.S. labor market as the Nasdaq led a rally on tech earnings. Aerospace stocks also rose.,https://finnhub.io/api/news?id=7c13aef89d21471d4eea5072a8034997073dc0971df5c8f6bc4d2c5c165beb44
company,1746121933,Tech Advances as Microsoft Surges - Tech Roundup,134177921,,MSFT,Finnhub,Shares of technology companies soared after strong earnings from two members of the Magnificent Seven. Microsoft shares rose by more than 8% after the software giant posted brisk growth in...,https://finnhub.io/api/news?id=8c4369316b5facdedc90555128f1922717a73e69918005fdbe1db8d0d774419e
company,1746118284,Microsoft: The Return Of Azure (Rating Upgrade),134177555,https://static.seekingalpha.com/cdn/s3/uploads/getty_images/492883122/image_492883122.jpg?io=getty-c-w1536,MSFT,SeekingAlpha,"Microsoft Corporation's posted robust Q3 performance, driven by Azure's 35% growth & AI advancements. Click here to find out why I upgrade MSFT to a Buy.",https://finnhub.io/api/news?id=dcad785425132178fc94c79a1d754e289d53491f07166318c9afa27db8fd181f
company,1746117917,Why Microsoft Stock Is Skyrocketing Today,134173318,https://s.yimg.com/rz/stage/p/yahoo_finance_en-US_h_p_finance_2.png,MSFT,Yahoo,"Microsoft stock is surging today after the company published better-than-expected sales and earnings results for fiscal Q3.  Sales for Azure and other services rose 33% year over year in fiscal Q3, helping to push revenue for the intelligent cloud segment up 21% annually.  Microsoft's forward guidance suggests that the company will continue to see strong tailwinds from artificial intelligence (AI).",https://finnhub.io/api/news?id=47442b2dc1583b69ad932d99a3fc9b50fb37f6548e4f08e180bb2aec60509c69
company,1746117647,Microsoft Nabs Apple's Crown,134173297,https://s.yimg.com/rz/stage/p/yahoo_finance_en-US_h_p_finance_2.png,MSFT,Yahoo,"Apple is no longer the largest U.S. company by market capitalization.  As of this morning, that trophy belongs to Microsoft.  Apple currently has a market cap of $3.16 trillion, according to Dow Jones Market Data.",https://finnhub.io/api/news?id=5970b4e20060b4c38e96d90b839d4e76fc00b21701184b074a040d43448037f7
company,1746117634,"US Equity Indexes Rise on Strong Tech Earnings, China Trade Optimism",134173321,https://s.yimg.com/rz/stage/p/yahoo_finance_en-US_h_p_finance_2.png,MSFT,Yahoo,US equity indexes advanced after midday Thursday following strong earnings by Microsoft and Metal Pl,https://finnhub.io/api/news?id=7e221d267269b8b9112e847a566f9d6e16974ac76ece59f8a0e9f0fdb00a21dd
company,1746117615,Why Nvidia Stock Bounded Higher Thursday,134173322,https://s.yimg.com/rz/stage/p/yahoo_finance_en-US_h_p_finance_2.png,MSFT,Yahoo,There was a wave of good news for the artificial intelligence (AI) chipmaker.,https://finnhub.io/api/news?id=78ab84987f59edd52ad589b970fd018496bc20db909b7e4bc82242372daba7fc
company,1746117183,Why Nebius Group Stock Soared Today,134173323,https://s.yimg.com/rz/stage/p/yahoo_finance_en-US_h_p_finance_2.png,MSFT,Yahoo,"Capital spending plans from major tech players on artificial intelligence (AI) infrastructure is good news for Nebius.  Shares of Nebius Group (NASDAQ: NBIS) are flying today.  After surging more than 13%, the artificial intelligence (AI) cloud infrastructure company was holding on to a gain of 8.3% as of 11:38 a.m. ET.",https://finnhub.io/api/news?id=0bcd967c035dc19236f3f00b6298161e985f0f14bbe71de094cb91fec181b049
company,1746116989,"Stocks close higher, lifted by Microsoft, Meta earnings",134177195,,MSFT,Finnhub,* Lilly tumbles after CVS drops Zepbound * McDonald's slips after surprise drop in Q1 sales * Weekly jobless claims higher than forecast ...,https://finnhub.io/api/news?id=a19e357ab8bb245d6c400461f239de3e0002f0bf681b0bb7864b7ee8c06fec5f
company,1746116836,"What AI Slowdown? Nvidia Rallies As Meta, Microsoft Boost Data Center Spending.",134173324,https://s.yimg.com/rz/stage/p/yahoo_finance_en-US_h_p_finance_2.png,MSFT,Yahoo,"Meta Platforms and Microsoft aren't slowing their spending on AI data centers, defying skeptics who have predicted a pullback.",https://finnhub.io/api/news?id=00c4699caa229ea2ffc30a24ed7b1cdf10e52aefd41c2dda5251f88001eb70e7
company,1746116640,"These Stocks Moved the Most Today: Microsoft, Eli Lilly, Kohl’s, Apple, Tesla, Meta, Qualcomm, CVS, and More",134179060,,MSFT,MarketWatch,"These Stocks Moved the Most Today: Microsoft, Eli Lilly, Kohl’s, Apple, Tesla, Meta, Qualcomm, CVS, and More",https://finnhub.io/api/news?id=b3b3fab89dda9ed8cac4814a44ae01eb87c6da138792b4d9a33303cdcf2903c3
company,1746116580,Why Microsoft’s stock is seeing an unusually large gain after earnings,134179086,,MSFT,MarketWatch,Why Microsoft’s stock is seeing an unusually large gain after earnings,https://finnhub.io/api/news?id=f1fd22112652368f707c600d7717117bf50ec20af7e93feafc36a9a536b7f9a7
company,1746116460,Microsoft Stock Jumps 9% on Earnings Beat. ‘Our Downgrade Looks Pretty Foolish Right Now.’,134173325,https://s.yimg.com/rz/stage/p/yahoo_finance_en-US_h_p_finance_2.png,MSFT,Yahoo,"Microsoft  stock was rising after the tech giant reported better-than-expected third-quarter earnings and revenue.  Microsoft reported third-quarter adjusted earnings of $3.46 a share on revenue of $70.1 billion.  Microsoft noted that AI workloads contributed 16 percentage points to Azure’s growth, up from 13 percentage points in the previous quarter.",https://finnhub.io/api/news?id=43ad420760fd30f04149c02e5376d15c6b7dbee45900428fafe324941a4e5bbb
company,1746116011,Microsoft: A Strong Cloud Bet For 2025 (Rating Upgrade),134177101,https://static.seekingalpha.com/cdn/s3/uploads/getty_images/2198176411/image_2198176411.jpg?io=getty-c-w1536,MSFT,SeekingAlpha,"Microsoft exceeded earnings expectations for Q3, driven by strong growth in its Intelligent Cloud segment, particularly Azure. Click to read why MSFT is a Buy.",https://finnhub.io/api/news?id=5b1d089d7d58c7f43b9696fc321e6f692378a5743711a745d54ed447fa6a62f4
company,1746115931,"US stocks end higher on tech boost, yen slides on BOJ gloom",134176896,,MSFT,Finnhub,Wall Street stocks ralliedand gold prices slid on Thursday as solid earnings from big techbolstered investor risk appetite. All three major U.S. stock indexes began the month...,https://finnhub.io/api/news?id=a57f2f9c7f6f3543d8b17613a28736aa68a56964252ec77860d1334ac1eb9094
company,1746115860,Nvidia Stock Rises. The AI Trade Is So Back.,134173326,https://s.yimg.com/rz/stage/p/yahoo_finance_en-US_h_p_finance_2.png,MSFT,Yahoo,"Nvidia  stock was rising Thursday after major customers  Microsoft  and  Meta Platforms  signaled they will continue to spend heavily on artificial-intelligence infrastructure.  Nvidia shares were up 4.1% at $113.38 just after noon.  There were good signs for Nvidia as Microsoft reported late Wednesday that its third-quarter capital expenditures came to $16.7 billion, up from $11 billion in the same period a year ago, and said its full-year capex expectations were unchanged.",https://finnhub.io/api/news?id=5c901a526e2b86e6fa51db5d8a9d9cc7f8d959b7d5c265b80c452e8b8fc3ff27
company,1746115649,"Microsoft Delivers Strong Fiscal Q3 as Cloud, AI Deliver, Wedbush Says",134173327,https://s.yimg.com/rz/stage/p/yahoo_finance_en-US_h_p_finance_2.png,MSFT,Yahoo,Microsoft (MSFT) delivered a strong fiscal Q3 as it continues to make the most of the artificial int,https://finnhub.io/api/news?id=ace5e74f1842cd0d66bbcf0f72237477454e6b4da35952bb9788d435dcb0352f
company,1746115606,"Top Stock Movers Now: Microsoft, Meta Platforms, Roblox, and More",134173328,https://s.yimg.com/rz/stage/p/yahoo_finance_en-US_h_p_finance_2.png,MSFT,Yahoo,"U.S. equities jumped at midday, as tech stocks rallied following strong earnings reports from Microsoft and Meta Platforms.",https://finnhub.io/api/news?id=4059d2c916c55feac9f3e5aea01b76548f120d4e726fcdf563bef457121678a0
company,1746115267,Apple Stock Seesaws As Earnings Loom,134173329,https://s.yimg.com/rz/stage/p/yahoo_finance_en-US_h_p_finance_2.png,MSFT,Yahoo,"Apple stock dropped back down into the red as Wall Street awaited second-quarter results. The stock was now off 0.5% to $211.62 after briefly rebounding in earlier trading. The S&P 500 was up 0.9%. The market was rising after Microsoft and Meta Platforms reported better-than-expected earnings on Wednesday, alleviating some investor concern about ongoing economic uncertainty.",https://finnhub.io/api/news?id=937a5a50ddca828ec5e180a8771243108732546951e54b93c52f40624edca658
company,1746115247,"Stocks close sharply higher, lifted by Microsoft, Meta earnings",134176739,,MSFT,Finnhub,* Lilly tumbles after CVS drops Zepbound * McDonald's slips after surprise drop in Q1 sales * Weekly jobless claims higher than forecast ...,https://finnhub.io/api/news?id=e84d0eaa5e7a65e020756d6c39a2260a09f089336d83ca6ad0c89a7474a31c0b
company,1746114928,"Top Midday Stories: Microsoft, Meta Earnings Top Estimates; Eli Lilly Cuts Guidance Despite Strong Q1 Earnings",134173330,https://s.yimg.com/rz/stage/p/yahoo_finance_en-US_h_p_finance_2.png,MSFT,Yahoo,All three major US stock indexes were up around midday trading Thursday after a couple of giant tech,https://finnhub.io/api/news?id=d5343b9ddf1dedc4e4c0c2a15887c5e11c5bc1dd1ff404a039e64b6444f0bd7d
company,1746114909,"Artificial Intelligence IPO CoreWeave Pops On Microsoft, Meta Earnings",134173331,https://s.yimg.com/rz/stage/p/yahoo_finance_en-US_h_p_finance_2.png,MSFT,Yahoo,"CoreWeave stock, a high profile artificial intelligence initial public offering this year, popped on Microsoft and Meta earnings reports.",https://finnhub.io/api/news?id=3067cdc9de28641437ccd57c3ac112892580811ae505130c505b6cb5164f482f
company,1746114840,ClearBridge Large Cap Growth ESG Portfolios Q1 2025 Commentary,134176782,https://static.seekingalpha.com/cdn/s3/uploads/getty_images/1367307622/image_1367307622.jpg?io=getty-c-w1536,MSFT,SeekingAlpha,The mega cap growth trade stalled as the chaotic introduction of tariffs accompanied by fears of a slowing U.S. economy and higher inflation. Read more here.,https://finnhub.io/api/news?id=b48dbd2cff0c8dbc6419e04b093f0bcc482dd43fdd89c8135bb13d137bc9ace3
company,1746114531,"Microsoft Raises Prices on Xbox, Games",134176650,,MSFT,Finnhub,"Microsoft Corp. is raising prices on its Xbox games, consoles and accessories amid broader uncertainty about how the ongoing trade wars will impact supply chains in the gaming industry....",https://finnhub.io/api/news?id=24c3c52e4a7834a998444fba12dcd709171870244ccae108aeac541fe5dfe695
company,1746114372,Microsoft : Deepening our investment in our Cloud Solution Provider partners,134176645,,MSFT,Finnhub,"The Microsoft mission is clear: empower every person and every organization on the planet to achieve more. Our partners enable us to deliver this mission in every customer segment, industry, and...",https://finnhub.io/api/news?id=9f6435857861ae2498dc153f9c9cdc0a19741f716cbd2eb17024b1cea10b4cef
company,1746114060,"These Stocks Are Moving the Most Today: Microsoft, Eli Lilly, Kohl’s, Apple, Tesla, Meta, Qualcomm, CVS, and More",134173303,https://s.yimg.com/rz/stage/p/yahoo_finance_en-US_h_p_finance_2.png,MSFT,Yahoo,"Quarterly revenue at Microsoft’s cloud-computing business jumps 21%, Eli Lilly reduces 2025 guidance, and Meta Platforms boosts its capital spending plans largely on AI investments. Meanwhile, a federal judge finds Apple violated an antitrust ruling. The iPhone maker is scheduled to report quarterly earnings later Thursday.",https://finnhub.io/api/news?id=06ff2af0d0d561c0b85882dca15c55324a1f3faf99bcd9688b0f2546c39637a1
company,1746113534,ChatGPT: Everything you need to know about the AI-powered chatbot,134173304,https://s.yimg.com/rz/stage/p/yahoo_finance_en-US_h_p_finance_2.png,MSFT,Yahoo,"ChatGPT, OpenAI’s text-generating AI chatbot, has taken the world by storm since its launch in November 2022. What started as a tool to supercharge productivity through writing essays and code with short text prompts has evolved into a behemoth with 300 million weekly active users. 2024 was a big year for OpenAI, from its partnership with Apple for its generative AI offering, Apple Intelligence, the release of GPT-4o with voice capabilities, and the highly-anticipated launch of its text-to-video",https://finnhub.io/api/news?id=f9479ed957e09064d9f810dc0ee23372d1cf8eb11f84e3bbbcb3a50d3f0ccf91
company,1746113510,US weighs easing Nvidia chip curbs on UAE as Trump plans visit,134173334,https://s.yimg.com/rz/stage/p/yahoo_finance_en-US_h_p_finance_2.png,MSFT,Yahoo,"(Bloomberg) -- The US is weighing a potential easing of restrictions on Nvidia Corp. sales to the United Arab Emirates, according to people familiar with the matter, who said President Donald Trump could announce the start of work on a bilateral chip deal during his upcoming trip to the Gulf. Most Read from BloombergNJ Transit Urges Commuters to Work Remotely If Union StrikesNYC Lost $9 Billion of Income to Miami, Palm Beach in Five YearsNew York City Transit System Chips Away at Subway Fare Eva",https://finnhub.io/api/news?id=43ce6c2ca11e9a84332c2ca3f9de60110f3c873e6dada56afbbc1f172694af23
company,1746113392,"Is Microsoft a ""Buy"" After Strong Q1 Earnings?",134173335,https://s.yimg.com/rz/stage/p/yahoo_finance_en-US_h_p_finance_2.png,MSFT,Yahoo,"Microsoft Rallies After Azure Growth Tops Forecasts; Strong Q4, FY26 Outlook",https://finnhub.io/api/news?id=d64f093e595abcf919178713edb5494f2eeaa359efbd1f685696bc4fe3035bab
company,1746112980,"Bitcoin, XRP, and Other Cryptos Rally. Is $100K Next?",134173336,https://s.yimg.com/rz/stage/p/yahoo_finance_en-US_h_p_finance_2.png,MSFT,Yahoo,"The price of  Bitcoin  was climbing on Thursday, along with the broader market.  Bitcoin has been rallying since April and is now down about 11% from its all-time high of around $109,000.  Bitcoin prices initially fell on weaker-than-expected U.S. GDP data Wednesday but quickly edged back up again.",https://finnhub.io/api/news?id=7f6bbdf3eac77e6ca9d92635bbaa5f0fdc21492f2cad69d325a01c726afac6fb
company,1746112640,"Wall Street jumps on tech boost, yen slides on BOJ gloom",134176521,,MSFT,Finnhub,Wall Street stocks ralliedand gold prices slid on Thursday as solid earnings from big techbolstered investor risk appetite. All three major U.S. stock indexes began the month...,https://finnhub.io/api/news?id=b5dcebfd4192611aa20e651c406813ac5066316ce5707d504aebb0ded3bd3426
company,1746112397,Amazon Earnings On Deck. Did Microsoft's Strong Results Raise The Bar For Cloud Growth?,134173337,https://s.yimg.com/rz/stage/p/yahoo_finance_en-US_h_p_finance_2.png,MSFT,Yahoo,Amazon stock was rising Thursday after Microsoft's strong cloud results offered a positive signal for Amazon's Q1.,https://finnhub.io/api/news?id=d63a69656fe8289dd4821e50581534200811f48a832e3df036ab62c1ba0df4d4
company,1746112200,"AI ETFs Set to Gain on Robust Meta, Microsoft Earnings",134173338,https://s.yimg.com/rz/stage/p/yahoo_finance_en-US_h_p_finance_2.png,MSFT,Yahoo,"Meta Platforms and Microsoft earnings boost confidence in the artificial intelligence (AI) sector, leading to a spike in related stocks and ETFs.",https://finnhub.io/api/news?id=b695204721ff32a9cca09c7351678080a23d0e99e251be1973479d6280f3e783
company,1746111186,Megacap tech once again a 'safety trade',134179087,,MSFT,MarketWatch,Megacap tech once again a 'safety trade',https://finnhub.io/api/news?id=2217a30f48bb95b7f54f14f13628b0959a4b3064ec9b167fab9dfed7211b023e
company,1746110597,Microsoft Soars on Cloud Growth,134176319,,MSFT,Finnhub,"Ted Mortonson, managing director at Baird, discusses Microsoft's better-than-expected third-quarter results. He joins Caroline Hyde and Ed Ludlow on Bloomberg Technology....",https://finnhub.io/api/news?id=a8f93d149fd9498b31e08227c6ca056a5b4952411e62a9bf9f0c0ad117152e71
company,1746110387,"Microsoft, Meta earnings power stocks higher",134176318,,MSFT,Finnhub,* Lilly tumbles after CVS drops Zepbound * McDonald's slips after surprise drop in Q1 sales * Weekly jobless claims higher than forecast ...,https://finnhub.io/api/news?id=ded3916d199a4d0f9fd98bed91f29092f9c590ded5da9aa9ba268afb3bb9d2da
company,1746110311,Microsoft Q3: A Big Relief On CAPEX Cut Concerns,134176321,,MSFT,SeekingAlpha,,https://finnhub.io/api/news?id=3eff2226cfd6f92644fe82068656b8bc107e23c4c6dea7a9bcf3e512ce7d49d1
company,1746109680,Nvidia and other chip stocks are riding AI optimism. Will Amazon’s earnings change that?,134179088,,MSFT,MarketWatch,Nvidia and other chip stocks are riding AI optimism. Will Amazon’s earnings change that?,https://finnhub.io/api/news?id=b302fdefd8fb0a5dfa6255814b775575368a3319b8e7978ad0675f0636c94b4d
company,1746109140,Microsoft Stock Gets Biggest Earnings Boost Since 2015. ‘Our Downgrade Looks Pretty Foolish Right Now.’,134179089,,MSFT,MarketWatch,Microsoft Stock Gets Biggest Earnings Boost Since 2015. ‘Our Downgrade Looks Pretty Foolish Right Now.’,https://finnhub.io/api/news?id=454fd93e5e2afdbb37a045e2374f6c30d5b542c4b0e7bb6216a422ab95fb158f
company,1746108840,Vertiv and Other Growth Stocks Are the Place to Be After Microsoft and Meta Earnings,134179090,,MSFT,MarketWatch,Vertiv and Other Growth Stocks Are the Place to Be After Microsoft and Meta Earnings,https://finnhub.io/api/news?id=267ab1cc7117e34ca4baa9a107144658fafbecb6e38ed0edbc565f7c9dcf1e59
company,1746106480,"US tech-related stocks jump after Microsoft, Meta Platforms results",134174967,,MSFT,Finnhub,"U.S. technology-relatedstocks including many involved in artificial intelligence rosesharply on Thursday following stronger-than-expected resultsfrom Microsoft and Meta Platforms, while investors...",https://finnhub.io/api/news?id=aec872a27bbcdda210d0e245c419061cdfb63eff2f642e4b83ccea5c80dc566f
company,1746105887,Bursting The AI Data Center Bubble Buildout,134174635,,MSFT,Finnhub,"Big tech, including Amazon , Alphabet and Microsoft , has raced to build enough data centers to meet spiking demand for generative AI training and tools. Alibaba's Joe Tsai, and other industry...",https://finnhub.io/api/news?id=9335787bf3f84c67efe8b52ae05d800abf08ec17497c2fe8c28b0a054d5600ea
company,1746105696,"Microsoft, Nvidia doing heavy lifting to boost Dow, despite drag of UnitedHealth",134179091,,MSFT,MarketWatch,"Microsoft, Nvidia doing heavy lifting to boost Dow, despite drag of UnitedHealth",https://finnhub.io/api/news?id=292febef3a86ef3f28243fdae5a48e79d0ccfa82471ba850d723614a77b88ade
company,1746105321,"Microsoft preparing to host Musk's Grok AI model, The Verge reports",134174228,,MSFT,Finnhub,"Microsoft is getting ready tohost Elon Musk's Grok AI model, The Verge reported on Thursday,citing a source familiar with the plans. The tech giant in recent weeks has been in...",https://finnhub.io/api/news?id=59a9b38552a0591ebae3085d9b940883499952e04a98d287865ee9dc5514ad98
company,1746104586,Microsoft Is Getting Ready To Host Elon Musk's Grok AI Model- The Verge,134173463,,MSFT,Finnhub,May 1 - * MICROSOFT IS GETTING READY TO HOST ELON MUSK’S GROK AIMODEL-THE VERGESource text: [https://tinyurl.com/mtpb79w8]Further company coverage: ...,https://finnhub.io/api/news?id=cfd0baa0e77d2ef93151eb48f84ef70b67ae4b2c48af3e7eef18e483e987105e
company,1746100560,"Microsoft, NVIDIA Corp. share gains lead Dow's 200-point climb",134179093,,MSFT,MarketWatch,"Microsoft, NVIDIA Corp. share gains lead Dow's 200-point climb",https://finnhub.io/api/news?id=fe4e9a138b5ab96cf06d4eb8a6cd03f84a1ac9e751c8c7931ef0fa9d4f0242e6
company,1746099906,Microsoft : Special Windows 365 offer helps secure organizations against changing conditions,134172748,,MSFT,Finnhub,"In these uncertain times, marked by fluctuating economic conditions and supply chain concerns, businesses face numerous challenges. Amidst these complexities, it is even more important to adopt new...",https://finnhub.io/api/news?id=b3ef11aab9d648b39f770060f9d3fe14c5b2808c69d9ab879e3545d1e1e58ec9
company,1746098454,Palantir Q1 Preview: Expecting Another Beat And Raise Quarter,134172726,https://static.seekingalpha.com/cdn/s3/uploads/getty_images/2178175024/image_2178175024.jpg?io=getty-c-w1536,MSFT,SeekingAlpha,Palantir Technologies Inc. continues to defy bearish expectations even when other tech stocks have been selling off. Learn more about PLTR stock here.,https://finnhub.io/api/news?id=a7579e5ff6f7b44e490cbf599b92e4f02d86e1fde2d7ae93fdde9ac27538d116
company,1746098218,U.S. stocks extend gains heading into midday,134179095,,MSFT,MarketWatch,U.S. stocks extend gains heading into midday,https://finnhub.io/api/news?id=a5cb4c4a2199991aacee0fd37247b35b7482bf717ef1b6796418736cf7a33021
company,1746097440,Tesla Without Musk: What Replacing the Irreplaceable Would Mean for the Stock,134179096,,MSFT,MarketWatch,Tesla Without Musk: What Replacing the Irreplaceable Would Mean for the Stock,https://finnhub.io/api/news?id=5400c51eee2eb2963fc18ab54be6485f5a00e2f52a6fc0bfc9deeee743d4b035
company,1746097132,"TSX gains on tech boost from Meta, Microsoft",134172479,,MSFT,Finnhub,"Canada's main stock index edged higherin choppy trading on Thursday, as investors cheered strongquarterly results of technology giant Microsoft andMeta amid an uncertain economic environment. ...",https://finnhub.io/api/news?id=395daf11bff4cc147c09d33566cc75449112ca2b1686dc8f547176877caa009a
company,1746096654,Disappointment Is Just Getting Started; Sell Call On Super Micro Computer,134172500,https://static.seekingalpha.com/cdn/s3/uploads/getty_images/2164149887/image_2164149887.jpg?io=getty-c-w1536,MSFT,SeekingAlpha,"Super Micro Computer, Inc. stock dropped on weak Q3 results and risks further disappointment. Click for the SMCI challenges ahead and its FY25 outlook.",https://finnhub.io/api/news?id=643ba6d044864d4d20fd899ec10f271dbc24253b8598c4913973b32fdca62072
company,1746096480,"Dow rallies nearly 325 points on gains in Microsoft, NVIDIA Corp. shares",134179097,,MSFT,MarketWatch,"Dow rallies nearly 325 points on gains in Microsoft, NVIDIA Corp. shares",https://finnhub.io/api/news?id=d23f33259e6f14c2818c55490fbe8e3641d53ae7a35c3c027523a4c86b7e454a
company,1746094800,ClearBridge Appreciation Fund Q1 2025 Commentary,134172351,https://static.seekingalpha.com/cdn/s3/uploads/getty_images/2180338182/image_2180338182.jpg?io=getty-c-w1536,MSFT,SeekingAlpha,U.S. equities declined -4.3% due to increasing caution surrounding AI-levered Magnificent Seven stocks and concerns surrounding rapidly escalating tariffs.,https://finnhub.io/api/news?id=ef4d2ebf293acf440c9ed44ef37a9524f79dcfd1256a59dde45be764b72a9985
company,1746094702,Microsoft Fiscal Q3 Earnings Review: Rule Of 40 Continues,134172353,https://static.seekingalpha.com/cdn/s3/uploads/getty_images/1509310383/image_1509310383.jpg?io=getty-c-w1536,MSFT,SeekingAlpha,"Microsoft's FQ3 2025 earnings highlight 15% growth, a strong Rule of 40 score, and rapid cloud expansion. Read why I rate MSFT stock as a Buy.",https://finnhub.io/api/news?id=5a5c8e065f44dc41b9827200846cce818db19bd6d1a29f705625bac1cd1a8d2a
company,1746093903,"Big Tech ETF jumps as investors await earnings from Amazon, Apple",134179098,,MSFT,MarketWatch,"Big Tech ETF jumps as investors await earnings from Amazon, Apple",https://finnhub.io/api/news?id=7316bd14e0c9d67d9a54315e2fa0a3ea941bc9ef25ac21f03aede59fbf15c76e
company,1746093780,"Microsoft Hikes Prices for Xbox Consoles, Games",134179099,,MSFT,MarketWatch,"Microsoft Hikes Prices for Xbox Consoles, Games",https://finnhub.io/api/news?id=6ba3103cca339209bb4f5d268e32b0be0cba541b9a7286e56db39e4e9179a065
company,1746093445,"Dow Jones Rallies After Surprise Jobless Claims; Meta, Microsoft Surge On Earnings",134179029,,MSFT,DowJones,"Dow Jones Rallies After Surprise Jobless Claims; Meta, Microsoft Surge On Earnings",https://finnhub.io/api/news?id=2cb06b5b528993dfd328ee2b390a27323b0a6ca54c23dc99105394502e0bd3de
company,1746093267,Microsoft Q3: Great Earnings With AI And Azure Strength,134172158,https://static.seekingalpha.com/cdn/s3/uploads/getty_images/1341937940/image_1341937940.jpg?io=getty-c-w1536,MSFT,SeekingAlpha,"Microsoftâs cloud and AI businesses led the charge with strong Q3 earnings and robust demand, making its stock a solid pick. Read why MSFT stock is a buy.",https://finnhub.io/api/news?id=29b3ee716c035e08400689b4c34c9f7d36e40edba8829a9dea3cc7d18a7822ea
company,1746092700,"Microsoft, NVIDIA Corp. share gains lead Dow's 215-point climb",134179100,,MSFT,MarketWatch,"Microsoft, NVIDIA Corp. share gains lead Dow's 215-point climb",https://finnhub.io/api/news?id=672c9e69a2f4f2d8b639f2b498884a636a4372c1580ca36389d83e3b6d644dc5
company,1746092309,"Nasdaq leads in early trading as shares of Meta, Microsoft climb after earnings",134179101,,MSFT,MarketWatch,"Nasdaq leads in early trading as shares of Meta, Microsoft climb after earnings",https://finnhub.io/api/news?id=6d469b68a1adadd23d04e24a70b8491dc2c9a8eaae1b66b322caf0a4b4e7a23f
company,1746091897,Microsoft Q3: AI Narrative Intact (Rating Upgrade),134171953,https://static.seekingalpha.com/cdn/s3/uploads/getty_images/1509310383/image_1509310383.jpg?io=getty-c-w1536,MSFT,SeekingAlpha,"Microsoft Corporation's FQ3 results show Azure's 33% YOY growth, fueled by AI demand. Analyst upgrades to strong buy with a $400+ target. Click for a MSFT update.",https://finnhub.io/api/news?id=669423123304df404858887e388b535cecfa82b4814e235baf042ffbef8b78fa
company,1746090302,"Wall Street set for strong open as Microsoft, Meta soar",134171670,,MSFT,Finnhub,"U.S. stock index futures pointed to ahigher open on Thursday, powered by Magnificent Sevenheavyweights Microsoft and Meta, as their strong quarterlyresults pointed to a resilient outlook for the...",https://finnhub.io/api/news?id=28810f676522ebc01f26fecfd99d6f2139dc6804360ea8733abe0d522fbde720
company,1746090000,Living Without China: A Realistic Outlook For The U.S. Economy,134171697,https://static.seekingalpha.com/cdn/s3/uploads/getty_images/1056780444/image_1056780444.jpg?io=getty-c-w1536,MSFT,SeekingAlpha,The US economy is heavily dependent on Chinese imports. Read why investors should proactively devise strategies to manage portfolios.,https://finnhub.io/api/news?id=4af61fa63816f87298b39ecbc1d6c81360173f0bd3a025296d94120ae408d3fc
company,1746088993,MICROSOFT CORP : UBS maintains a Buy rating,134171455,,MSFT,Finnhub,"In a research note published by Karl Keirstead, UBS advises its customers to buy the stock. The target price is revised upwards from USD 500 to USD 480.",https://finnhub.io/api/news?id=58df3f7e6c3ebdc8cf5d0a99273a907ad31b892c1cdd2e73677460bef6a2bd88
company,1746088829,Zoho suspends $700 million chipmaking plan in latest setback for India,134171427,,MSFT,Finnhub,"Indian software firm Zohohas suspended its year-long pursuit of a $700 million plan toexpand into chip manufacturing, its co-founder said on Thursday,confirming a Reuters story and dealing another...",https://finnhub.io/api/news?id=478cccb4b35eddd5285b0466786ce924aed687c92a0587038b369f9f90414fb4
company,1746088228,Microsoft: Bulls Have All The Reason To Celebrate,134171491,https://static.seekingalpha.com/cdn/s3/uploads/getty_images/1408775753/image_1408775753.jpg?io=getty-c-w1536,MSFT,SeekingAlpha,"Microsoft delivered a strong Q3 FY 2025 print, beating analyst consensus estimates on both topline and earnings. Read more about MSFT stock here.",https://finnhub.io/api/news?id=a09f64fa2da4a84b9f7d284a1d41c1c49f5d82c401795e7e13e82e2c3043080d
company,1746087256,"Dow Jones Futures Rise As Microsoft, Meta Jump; Tesla Chair Denies Elon Musk Report",134179069,,MSFT,DowJones,"Dow Jones Futures Rise As Microsoft, Meta Jump; Tesla Chair Denies Elon Musk Report",https://finnhub.io/api/news?id=ed605c3094ef350a41b53ca97136c4bd474ae3c3268b1c0192d52cf164f544d6
company,1746086400,Microsoft Is Alive And Well,134171271,https://static.seekingalpha.com/cdn/s3/uploads/getty_images/1408775753/image_1408775753.jpg?io=getty-c-w1536,MSFT,SeekingAlpha,Microsoft's Q3 FY2025 results highlight Azure Cloud growth and AI success. Read why I continue to view MSFT stock as a Neutral/Hold.,https://finnhub.io/api/news?id=fc7fe23606c1104f3c507c6e7738f05abecf15db182795e5c92f56a0e50e743d
company,1746084600,"S&P 500 Futures Rise in Premarket Trading; McCormick Vtg, Glaukos Lag",134179103,,MSFT,MarketWatch,"S&P 500 Futures Rise in Premarket Trading; McCormick Vtg, Glaukos Lag",https://finnhub.io/api/news?id=d28243be21ee7b15b92afc5c93b346469c52fa25ac67e18cee95553bbd9103ea
company,1746082838,"Wall Street Breakfast Podcast: Meta, Microsoft Soar On AI, Cloud Strength",134170745,https://static.seekingalpha.com/cdn/s3/uploads/getty_images/1363884151/image_1363884151.jpg?io=getty-c-w1536,MSFT,SeekingAlpha,"Biggest stock movers Thursday: MSFT, META, more. Tesla board chair dismisses report of new CEO search. Startup backed by OpenAIâs Sam Altman rolls out biometric ID tech in six U.S. cities.",https://finnhub.io/api/news?id=16a3c99ec4514e7e852b934b207e1caea8c9329c02493b84615ac05347ce2a5b
company,1746082800,MORNING BID AMERICAS-Tech tonic for stalled economy,134170568,,MSFT,Finnhub,"What matters in U.S. andglobal markets todayBy Mike Dolan, Editor-At-Large, Financial Industry and FinancialMarkets Big Tech looks to have calmed Wall Street nerves overnight,helping...",https://finnhub.io/api/news?id=0dbd83ab012a692378f7eae55a5612c3be04fbaa6390382792d36ca9e671eebc
company,1746081195,MICROSOFT CORP : JP Morgan keeps its Buy rating,134170291,,MSFT,Finnhub,Analyst Mark Murphy from JP Morgan research considers the stock attractive and recommends it with a Buy rating. The target price is set at 475 versus 465 USD.,https://finnhub.io/api/news?id=03f0385e3f95707a1fa8787023170beefc79db589f5dd4cfed73689d4fba8239
company,1746080729,"Big Tech's fortunes diverge as AI powers cloud, tariffs hit consumer electronics",134170224,,MSFT,Finnhub,"The fortunes of Big Tech are divergingin a rapidly changing business landscape, as demand forartificial intelligence fuels growth in cloud and digital adswhile consumer electronics take a battering...",https://finnhub.io/api/news?id=aa10a8a9825dbd86e1afaec37965980c426cf69fb7d3b2381b671dc04f0426b7
company,1746080109,North American Morning Briefing : Stock Futures Rise as Big Tech Shrugs Off Volatility,134170167,,MSFT,Finnhub,"OPENING CALL Stock futures rose Thursday, driven by bumper earnings for big tech companies Microsoft and Meta Platforms . Signs that the Magnificent Seven could ride out market volatility,...",https://finnhub.io/api/news?id=d875127b3da43b6f736297e53084cb59b39d3b3b5fb312699242899dae246550
company,1746079277,"Microsoft: Q3 Earnings, Recession-Resistant Relative To Mag 7 Peers",134170176,https://static.seekingalpha.com/cdn/s3/uploads/getty_images/1509310383/image_1509310383.jpg?io=getty-c-w1536,MSFT,SeekingAlpha,"Microsoftâs outshines Mag 7 peers with AI leadership, and tariff insulation and superior investment appeal. Learn why MSFT stock is upgraded to Strong Buy.",https://finnhub.io/api/news?id=fc05c113c729e1134877d75428889aaa85ae445cec8661d3f10d8592ef51d7c7
company,1746076873,"Stocks stall, yen slides as BOJ adds to growth gloom",134169814,,MSFT,Finnhub,"World stocks were groggy onThursday after a contraction in the U.S. economy, although WallStreet was pointing higher and the dollar sprang up as a Bank ofJapan growth forecast cut blamed on U.S....",https://finnhub.io/api/news?id=f56cd26bbbf5ecb5e420be63d0d1b10e37c57ff97b4843b0c1039859d5950a2c
company,1746073756,MICROSOFT CORP : Jefferies reaffirms its Buy rating,134169563,,MSFT,Finnhub,Brent Thill from Jefferies retains his positive opinion on the stock with a Buy rating. The target price is increased from USD 475 to USD 550.,https://finnhub.io/api/news?id=bce2dd51205ec1de2f299bfe699a2cd872499fd65fcd4666600e7bdfdf9bd53a
company,1746070577,Watch These Microsoft Price Levels as Stock Surges on AI Cloud Growth,134165699,https://s.yimg.com/rz/stage/p/yahoo_finance_en-US_h_p_finance_2.png,MSFT,Yahoo,Microsoft shares surged in extended trading Wednesday after the company issued quarterly results and guidance that topped Wall Street's expectations. boosted by strong growth in its cloud business. Monitor these important chart levels.,https://finnhub.io/api/news?id=9e6dd6760c45b88da51a4e22f42b0e0d137225572e9e6c56ff54081efc160ecd
company,1746066864,MICROSOFT CORP : RBC reiterates its Buy rating,134168923,,MSFT,Finnhub,"RBC is positive on the stock with a Buy rating. The target price has been revised upwards and is now set at USD 525, compared with USD 500 previously.",https://finnhub.io/api/news?id=26e4c7f93a33a2af40e869abdab961cef8a7ff343cce0aa627075458f7f23a4f
company,1746058775,"Microsoft Corporation (MSFT): Still a Core AI Winner? Goldman and Scotiabank Adjust Targets, Not Confidence",134165700,https://s.yimg.com/rz/stage/p/yahoo_finance_en-US_h_p_finance_2.png,MSFT,Yahoo,"We recently published a list of 12 AI Stocks Making Waves Today. In this article, we are going to take a look at where Microsoft Corporation (NASDAQ:MSFT) stands against other AI stocks making waves today. China’s foreign ministry recently released a video on its social media feeds, complete with a voice-over in American-accented English, comparing […]",https://finnhub.io/api/news?id=da6405ca959ee12ff09c362074866acd11a5f8ec8db33d19478b69e66e03da1d
company,1746058200,Meta Q1 2025 Earnings Update,134165643,https://static.seekingalpha.com/cdn/s3/uploads/getty_images/1353816198/image_1353816198.jpg?io=getty-c-w1536,MSFT,SeekingAlpha,Daily Active People (DAP) across its Family of Apps (FOA) accelerated to 80 mn QoQ in 1Qâ25.,https://finnhub.io/api/news?id=473710ef98a823caba75493a85eebe80f60e9ba41087cfd5bdbd4025f48545a8
company,1746057000,Franklin Global Equity Fund Q1 2025 Commentary,134165585,https://static.seekingalpha.com/cdn/s3/uploads/getty_images/2151312477/image_2151312477.jpg?io=getty-c-w1536,MSFT,SeekingAlpha,Stock selection was mixed at the region and sector level and modestly detracted overall. Click here to read the full commentary.,https://finnhub.io/api/news?id=add304a3ab757e79b9ad0319825662e9fcf86ab08aa9fe55c09c3b0c156d77d8
company,1746056910,Surprising Microsoft earnings sends stock surging,134165701,https://s.yimg.com/rz/stage/p/yahoo_finance_en-US_h_p_finance_2.png,MSFT,Yahoo,Microsoft shares are up 7% after quarterly earnings.,https://finnhub.io/api/news?id=43f64c33ef00a771400bcc7dfdeb52fd1424d0e0ba9418b13f754337f5a57314
company,1746056630,Microsoft CEO Satya Nadella says software is the ‘most malleable resource’ to combat ‘any type of inflationary pressure’,134165702,https://s.yimg.com/rz/stage/p/yahoo_finance_en-US_h_p_finance_2.png,MSFT,Yahoo,All three of Microsoft’s businesses beat the company’s internal guidance amid an uncertain economic climate.,https://finnhub.io/api/news?id=d771867650bc91c6c0bddb59ca703be642d277f5a421ee4b339134d144cdc8a1
company,1746056460,"Microsoft Flexes Muscle in Cloud, Office and Windows as Earnings Jump",134165703,https://s.yimg.com/rz/stage/p/yahoo_finance_en-US_h_p_finance_2.png,MSFT,Yahoo,"Microsoft  needed a win.  Its latest quarterly results and forecast are giving it one.  The report showed strong growth in revenue and earnings across all of the company’s business segments, with the closely watched Azure cloud service solidly beating Wall Street’s forecasts.",https://finnhub.io/api/news?id=f70ba4a75c9d31814251be4fc4fc9657767bd2b99a2e9991e38cbca1fa1a3061
company,1746055924,Tracking AMG's Yacktman Asset Management Portfolio - Q1 2025 Update,134165461,https://static.seekingalpha.com/cdn/s3/uploads/getty_images/186805810/image_186805810.jpg?io=getty-c-w1536,MSFT,SeekingAlpha,"Read here for Yacktman's Q1 2025 portfolio trends, top holdings, stake changes, and strategies with highlights on Canadian Natural Resources & PepsiCo.",https://finnhub.io/api/news?id=36a8a56c2d2d6f00a78a6b4f9d508bf30461e0432094acffab2700fd67a431ea
company,1746055620,Franklin Rising Dividends Fund Q1 2025 Commentary,134165430,https://static.seekingalpha.com/cdn/s3/uploads/getty_images/1316707586/image_1316707586.jpg?io=getty-c-w1536,MSFT,SeekingAlpha,"Over the quarter, Franklin Rising Dividends Fund was more resilient than its benchmark, the S&P 500 Index. Read more here.",https://finnhub.io/api/news?id=26941f83084757ed624985370f3fd39d40943f91642b1ebf6fc6e3c4526f1c0d
company,1746054140,Microsoft expects some AI capacity constraints this quarter,134165704,https://s.yimg.com/rz/stage/p/yahoo_finance_en-US_h_p_finance_2.png,MSFT,Yahoo,"An executive cautioned during Microsoft's earnings call on Wednesday that customers might face AI service disruptions as demand outstrips the company's ability to bring data centers online. Microsoft's EVP and CFO Amy Hood said during the company's fiscal 2025 third-quarter earnings call that the company may face AI capacity constraints as early as June. ""We had hoped to be in balance by the end of Q4 but we did see some increased demand, as you saw through the quarter,"" Hood said. ""So we are go",https://finnhub.io/api/news?id=e231162f7e89852de30a9dd2356e41aef9ef23c1ec3f776ba081be6e8fb8015e
company,1746053820,Microsoft smashes Wall Street's earnings expectations — and the stock soars,134165705,https://s.yimg.com/rz/stage/p/yahoo_finance_en-US_h_p_finance_2.png,MSFT,Yahoo,"Microsoft (MSFT) blew past Wall Street’s expectations in its fiscal third quarter, racking up $70.1 billion in revenue, up 13%, and $25.8 billion in net income, up 18%, fueled by relentless demand for cloud and AI.",https://finnhub.io/api/news?id=f38504d92f2d6c87b3f2aa38746355d5fbf26ef6c5993aba85702521454948a4
company,1746052521,Meta Boosts Spending Plans to Grow Its AI Capacity,134165706,https://s.yimg.com/rz/stage/p/yahoo_finance_en-US_h_p_finance_2.png,MSFT,Yahoo,Meta said it plans to raise its capital spending this year to $64 billion to $72 billion to speed up AI capacity.,https://finnhub.io/api/news?id=dd5b2c30d8067c4f9f4328f5c4b1d2fa896489ccdf57166917d9ea0a84c41cdf
company,1746051639,"Microsoft Jumps After Q3 Earnings, But There's Still More Upside",134165147,https://static.seekingalpha.com/cdn/s3/uploads/getty_images/1408775753/image_1408775753.jpg?io=getty-c-w1536,MSFT,SeekingAlpha,"Microsoft's Q3-2025 beats expectations with $70.06B revenue and strong Azure growth. Read why MSFT stock is a long-term Buy, but I wouldn't go all-in right now.",https://finnhub.io/api/news?id=2534e44a67fad9028bfd3eadee630d2c4e82fedbff3de5ac0482a8c0ec3c73eb
company,1746051480,Microsoft Stock Rises After Earnings Beat. Its Azure Cloud Grew 33%.,134165707,https://s.yimg.com/rz/stage/p/yahoo_finance_en-US_h_p_finance_2.png,MSFT,Yahoo,"Microsoft  stock was rising after the tech giant reported better-than-expected third-quarter financials.  Microsoft reported third-quarter adjusted earnings of $3.46 a share on revenue of $70.1 billion.  Microsoft also reported capital expenditures in the quarter of $16.7 billion, slightly higher than Wall Street estimates of $16.2 billion and up from the $11 billion in the same period one year ago.",https://finnhub.io/api/news?id=73c75cf59edbcbc96117bc09a557b328fce441ed64931587391b954730502fd4
company,1746051287,"Microsoft Smashes March-Quarter Targets On Cloud, AI Gains",134165708,https://s.yimg.com/rz/stage/p/yahoo_finance_en-US_h_p_finance_2.png,MSFT,Yahoo,Software giant Microsoft late Wednesday crushed Wall Street's targets for its fiscal third quarter. Microsoft stock surged on the news.,https://finnhub.io/api/news?id=599c711ebc184412a4ed470a3fa4e97afa4ccede3bb887a6b0167328ff4113d9
company,1746050121,Microsoft Corporation (MSFT) Q3 2025 Earnings Call Transcript,134165086,https://static.seekingalpha.com/assets/og_image_1200-29b2bfe1a595477db6826bd2126c63ac2091efb7ec76347a8e7f81ba17e3de6c.png,MSFT,SeekingAlpha,"Microsoft Corporation (NASDAQ:MSFT) Q3 2025 Earnings Conference Call April 30, 2025 5:30 PM ETCompany ParticipantsJonathan Neilson - VP, IRSatya Nadella -...",https://finnhub.io/api/news?id=2f5d733153825b471d6038eb7b1b03ef639c2887e269dd8cfd484fcd6ec37aa5
company,1746048887,Meta & Microsoft earnings ease tech slowdown fears,134165709,https://s.yimg.com/rz/stage/p/yahoo_finance_en-US_h_p_finance_2.png,MSFT,Yahoo,"Meta Platforms (META) and Microsoft (MSFT) both reported better-than-expected quarterly results. Yahoo Finance Technology Editor Dan Howley breaks down the key takeaways from both earnings reports. To watch more expert insights and analysis on the latest market action, check out more Market Domination Overtime here. Editor's note: This headline and copy were updated to better reflect that Microsoft reported Q3 results.",https://finnhub.io/api/news?id=7fb44f8f91c2c7151ab2af6fc6d3561096e0e539f33d79cfe0817e6ef7f66149
company,1746048534,"Microsoft forecasts strong growth for Azure cloud business, shares surge 7%",134164940,,MSFT,Finnhub,"Microsoft forecast onWednesday stronger-than-expected quarterly growth for itscloud-computing business Azure after blowout results in thelatest quarter, calming investor worries in an uncertain...",https://finnhub.io/api/news?id=43c2300d44364d56a5bba125e7d36fba477a5770b27eee7bdf5bc7d1bea1c32f
company,1746048492,Microsoft Wins When Its Competitors' AI Wins: Valoir's,134165710,https://s.yimg.com/rz/stage/p/yahoo_finance_en-US_h_p_finance_2.png,MSFT,Yahoo,"Rebecca Wettemann, CEO and principal analyst at Valoir, discusses what Microsoft investors will be looking for in the company's latest earnings release. Wettemann joins Caroline Hyde and Ed Ludlow on ""Bloomberg Technology.""",https://finnhub.io/api/news?id=93c760747eed147a54ea1111095651a2c3fc5f7c32cfeeefdc1552705ac6440e
company,1746048438,US risks recession as economy shrinks in tariff war,134165711,https://s.yimg.com/rz/stage/p/yahoo_finance_en-US_h_p_finance_2.png,MSFT,Yahoo,The US risks being thrown into recession by Donald Trump’s trade war as official figures showed the economy shrank during the first three months of the year.,https://finnhub.io/api/news?id=d913b3b558df245cf1fc97564318c8f41721e24520591d8179efba1b1cb1d99c
company,1746048238,"Meta, Microsoft reports lift AI-related stocks",134165712,https://s.yimg.com/rz/stage/p/yahoo_finance_en-US_h_p_finance_2.png,MSFT,Yahoo,"The reports appeared to boost demand for shares in AI chip leader Nvidia Corp, which rose 2.8% in late trading, and chip rival Advanced Micro Devices, which rose 2%.  Shares in Amazon.com, which competes with Microsoft in cloud-computing and is due to report results on May 1, were up 3% with strong after-the-bell volume.  Shares in Microsoft soared more than 6% in late trading after it topped quarterly revenue expectations on strong Azure cloud-computing growth, reassuring investors its hefty AI investments were paying off.",https://finnhub.io/api/news?id=2bb874efcdbdaa8850cd9acbc4b27f5c5c69b6f69f6bb69297d6a8254a3bda27
company,1746047708,Microsoft (MSFT) Q3 Earnings and Revenues Beat Estimates,134165713,https://s.yimg.com/rz/stage/p/yahoo_finance_en-US_h_p_finance_2.png,MSFT,Yahoo,"Microsoft (MSFT) delivered earnings and revenue surprises of 8.13% and 2.46%, respectively, for the quarter ended March 2025. Do the numbers hold clues to what lies ahead for the stock?",https://finnhub.io/api/news?id=b1af7b985369541032322887a775f5497272eb553fd90ad1fb02cd15dd748360
company,1746046920,"These Stocks Moved the Most Today: Super Micro, Nvidia, Tesla, Starbucks, Seagate, Norwegian, First Solar, Snap, and More",134165714,https://s.yimg.com/rz/stage/p/yahoo_finance_en-US_h_p_finance_2.png,MSFT,Yahoo,"Super Micro issues a fiscal third-quarter forecast well below previously issued guidance, Nvidia and Tesla shares decline, and Starbucks sinks after earnings miss Wall Street estimates.",https://finnhub.io/api/news?id=fe0b4d68effadc7facef893571f9f685c96139a7fab816f9da852ce941948688
